domain,n_rows,outlet_type
datacenterdynamics.com,755,trade
prnewswire.com,322,wire_pr
datacenterknowledge.com,198,trade
finanznachrichten.de,141,wire_pr
openpr.com,135,wire_pr
finance.yahoo.com,130,wire_pr
globenewswire.com,114,wire_pr
marketscreener.com,105,wire_pr
menafn.com,98,wire_pr
itnewsonline.com,77,trade
telecom.economictimes.indiatimes.com,64,trade
economictimes.indiatimes.com,59,national
insidermonkey.com,56,national
developingtelecoms.com,55,trade
manilatimes.net,48,national
markets.financialcontent.com,46,wire_pr
theregister.com,44,trade
techradar.com,43,national
insidenova.com,38,local
itwire.com,37,trade
digitimes.com,34,trade
crn.com,33,trade
forbes.com,33,national
computerweekly.com,32,trade
thestar.com.my,28,national
thehindubusinessline.com,27,national
it-online.co.za,27,trade
yahoo.com,26,wire_pr
businesstimes.com.sg,26,national
bnnbloomberg.ca,25,national
tomshardware.com,25,national
thefastmode.com,25,trade
networkworld.com,24,trade
cnbc.com,24,national
businesswire.com,23,wire_pr
bloomberg.com,23,national
benzinga.com,23,national
infotechlead.com,23,trade
potomaclocal.com,22,local
livemint.com,22,national
irishtimes.com,22,national
datacenterfrontier.com,21,trade
constructiondive.com,21,trade
tmcnet.com,21,wire_pr
msn.com,20,wire_pr
padovanews.it,20,wire_pr
thehindu.com,20,national
seekingalpha.com,20,national
networkcomputing.com,20,trade
eenews.net,20,trade
crn.com.au,19,trade
hpcwire.com,19,trade
siliconangle.com,19,trade
digitaljournal.com,18,wire_pr
lightreading.com,18,trade
timesofindia.indiatimes.com,18,national
webpronews.com,17,trade
govtech.com,17,trade
moneycontrol.com,17,national
businesspost.ie,16,national
business-standard.com,16,national
insidehpc.com,16,trade
fauquier.com,16,local
aninews.in,16,wire_pr
utilitydive.com,16,trade
siliconindia.com,15,trade
fool.com,15,national
afr.com,15,national
bangkokpost.com,15,national
reseller.co.nz,15,trade
dealstreetasia.com,15,trade
itnews.com.au,14,trade
bnamericas.com,14,trade
en.antaranews.com,14,wire_pr
chicagotribune.com,14,local
financialexpress.com,14,national
thetimes-tribune.com,14,local
marketwatch.com,13,national
markets.businessinsider.com,13,wire_pr
wallstreet-online.de,13,wire_pr
fortune.com,13,national
bworldonline.com,12,national
wfmz.com,12,local
dailyherald.com,12,local
zawya.com,12,wire_pr
philstar.com,12,national
siliconrepublic.com,12,trade
bisnow.com,12,trade
zerohedge.com,12,other
techcrunch.com,12,national
jdsupra.com,12,other
ptinews.com,12,wire_pr
biztimes.com,12,local
itbusinessnet.com,12,wire_pr
investors.com,12,national
telecompaper.com,11,trade
totaltele.com,11,trade
capacitymedia.com,11,trade
african.business,11,national
therealdeal.com,11,trade
newswiretoday.com,11,wire_pr
fauquiernow.com,11,local
theverge.com,11,national
independent.ie,11,national
wjla.com,11,local
fredericknewspost.com,10,local
eagletribune.com,10,local
rcrwireless.com,10,trade
sydneysun.com,10,wire_pr
wtop.com,10,local
vietnamtribune.com,10,wire_pr
philippinetimes.com,10,wire_pr
news.yahoo.com,10,wire_pr
chicagobusiness.com,10,local
markets.buffalonews.com,10,wire_pr
article.wn.com,10,wire_pr
theglobeandmail.com,10,national
channelnewsasia.com,10,national
thailand-business-news.com,10,national
itweb.co.za,10,trade
marcellusdrilling.com,10,trade
texasguardian.com,9,wire_pr
indiagazette.com,9,national
informationweek.com,9,trade
australiannews.net,9,wire_pr
asia.nikkei.com,9,national
powermag.com,9,trade
fredericksburg.com,9,local
rte.ie,9,national
businessinsider.com,9,national
venturebeat.com,9,trade
straitstimes.com,9,national
oilprice.com,9,trade
naturalgasintel.com,9,trade
wpr.org,9,local
newyorktelegraph.com,8,wire_pr
itpro.co.uk,8,trade
bignewsnetwork.com,8,wire_pr
waterford-news.ie,8,local
arnnet.com.au,8,trade
businesstoday.in,8,national
torontotelegraph.com,8,wire_pr
adage.com,8,trade
freepressjournal.in,8,national
nbcconnecticut.com,8,local
theguardian.com,8,national
srilankasource.com,8,wire_pr
sbr.com.sg,8,national
whatech.com,8,wire_pr
technuter.com,8,trade
techrepublic.com,8,trade
singaporestar.com,8,wire_pr
portal.sina.com.hk,8,wire_pr
ajc.com,8,local
qz.com,8,national
journal-news.com,8,local
wndu.com,8,local
finance-commerce.com,8,local
joplinglobe.com,7,local
businesswireindia.com,7,wire_pr
mb.com.ph,7,national
loudountimes.com,7,local
roscommonherald.ie,7,local
saltlakecitysun.com,7,wire_pr
valdostadailytimes.com,7,local
eejournal.com,7,trade
manufacturing.net,7,trade
tweaktown.com,7,trade
richmond.com,7,local
dailycaller.com,7,national
koreabizwire.com,7,wire_pr
carlow-nationalist.ie,7,local
nepalnational.com,7,wire_pr
ianslive.in,7,wire_pr
malaymail.com,7,national
proactiveinvestors.com,7,wire_pr
yoursourceone.com,7,local
vir.com.vn,7,national
nzherald.co.nz,7,national
winnipegfreepress.com,7,local
nwitimes.com,7,local
inforum.com,7,local
hindustantimes.com,7,national
startribune.com,7,local
dallasnews.com,7,local
wsbt.com,7,local
itbrief.co.nz,7,trade
constructionenquirer.com,7,trade
wisbusiness.com,7,local
marketplace.org,7,national
propertyweek.com,6,trade
bismarcktribune.com,6,local
thejournal.ie,6,national
theday.com,6,local
business.inquirer.net,6,national
sify.com,6,national
meed.com,6,trade
telecomtv.com,6,trade
asiaone.com,6,national
businessmirror.com.ph,6,national
californiatelegraph.com,6,wire_pr
streetinsider.com,6,wire_pr
electropages.com,6,trade
einnews.com,6,wire_pr
techstory.in,6,trade
morningstar.com,6,national
azbigmedia.com,6,local
wusa9.com,6,local
laois-nationalist.ie,6,local
malaysiasun.com,6,wire_pr
neowin.net,6,trade
pandct.com,6,trade
nbcphiladelphia.com,6,local
techmoran.com,6,trade
jcnnewswire.com,6,wire_pr
briefingwire.com,6,wire_pr
newsbytes.ph,6,national
indianexpress.com,6,national
matr.net,6,local
malaya.com.ph,6,national
scmp.com,6,national
econotimes.com,6,national
insideindianabusiness.com,6,local
abc57.com,6,local
mlive.com,6,local
urbanmilwaukee.com,6,local
insideclimatenews.org,6,national
kshb.com,6,local
mondaq.com,6,wire_pr
clickorlando.com,6,local
wispolitics.com,6,local
okcfox.com,6,local
cbc.ca,6,national
sej.org,6,other
wfmj.com,6,local
citizensvoice.com,6,local
energylivenews.com,5,trade
nz.finance.yahoo.com,5,wire_pr
wfae.org,5,local
wkms.org,5,local
energycentral.com,5,trade
latestly.com,5,national
euronews.com,5,national
nbcchicago.com,5,local
mingtiandi.com,5,trade
techwireasia.com,5,trade
businessghana.com,5,national
ecofinagency.com,5,national
africabusinesscommunities.com,5,national
phoenixherald.com,5,wire_pr
techspot.com,5,trade
gulfnews.com,5,national
businessworld.in,5,national
techgoondu.com,5,trade
prnewswire.co.uk,5,wire_pr
japanherald.com,5,wire_pr
fox5dc.com,5,local
bangladeshsun.com,5,wire_pr
gulfbusiness.com,5,national
ksl.com,5,local
mobileworldlive.com,5,trade
newelectronics.co.uk,5,trade
betanews.com,5,trade
en.acnnewswire.com,5,wire_pr
dailypress.com,5,local
dunyanews.tv,5,national
techtimes.com,5,trade
nvdaily.com,5,local
telegraphindia.com,5,national
hawaiitelegraph.com,5,wire_pr
zazoom.it,5,wire_pr
galvnews.com,5,local
itworldcanada.com,5,trade
chinanationalnews.com,5,wire_pr
engineeringnews.co.za,5,trade
telecomlead.com,5,trade
english.aawsat.com,5,national
pr-inside.com,5,wire_pr
ktar.com,5,local
breakingnews.ie,5,national
electronicsweekly.com,5,trade
tennesseedaily.com,5,wire_pr
industrialinfo.com,5,trade
zdnet.com,5,trade
thesun.my,5,national
wwmt.com,5,local
journalgazette.net,5,local
thebusinessdesk.com,5,local
abcnews.go.com,5,national
news4jax.com,5,local
postandcourier.com,5,local
nbcnewyork.com,5,local
wccftech.com,5,trade
fierce-network.com,5,trade
miragenews.com,5,wire_pr
fairfaxtimes.com,5,local
clickondetroit.com,5,local
wsbtv.com,5,local
technical.ly,5,trade
timesherald.com,5,local
natlawreview.com,5,trade
nola.com,5,local
rigzone.com,5,trade
theadvocate.com,5,local
richmondbizsense.com,5,local
wnep.com,5,local
wbrc.com,5,local
chron.com,4,local
sandiegosun.com,4,wire_pr
swarajyamag.com,4,national
windowscentral.com,4,trade
blackseagrain.net,4,wire_pr
capitalfm.co.ke,4,national
thebftonline.com,4,national
wsau.com,4,local
uk.finance.yahoo.com,4,wire_pr
itnewsafrica.com,4,trade
stltoday.com,4,local
eandt.theiet.org,4,trade
katcountry989.com,4,local
mdjonline.com,4,local
zfenglish.com,4,national
theusnews.com,4,wire_pr
datacenternews.asia,4,trade
consumerelectronicsnet.com,4,wire_pr
12news.com,4,local
calcuttanews.net,4,wire_pr
bostonstar.com,4,wire_pr
niagara-gazette.com,4,local
memphissun.com,4,wire_pr
energy.einnews.com,4,wire_pr
buffalonews.com,4,local
eco-business.com,4,trade
thecitizen.com,4,local
newbusinessethiopia.com,4,national
thedickinsonpress.com,4,local
finance.dailyherald.com,4,wire_pr
cio.com,4,trade
hothardware.com,4,trade
clare.fm,4,local
ilonggotechblog.com,4,trade
nigeriasun.com,4,wire_pr
thisdaylive.com,4,national
bruneinews.net,4,wire_pr
theepochtimes.com,4,national
washingtontimes.com,4,national
romfordrecorder.co.uk,4,local
nashvilleherald.com,4,wire_pr
washingtonpost.com,4,national
sloughobserver.co.uk,4,local
whec.com,4,local
building.co.uk,4,trade
nbcwashington.com,4,local
khaleejtimes.com,4,national
en.globes.co.il,4,national
gizmodo.com,4,trade
cbs58.com,4,local
jamestownsun.com,4,local
leadership.ng,4,national
africanreview.com,4,trade
usnews.com,4,national
commercialobserver.com,4,trade
mynorthwest.com,4,local
cairoscene.com,4,local
financialpost.com,4,national
constructionnews.co.uk,4,trade
union-bulletin.com,4,local
nearshoreamericas.com,4,trade
coindesk.com,4,trade
connectionnewspapers.com,4,local
tribune.com.pk,4,national
farmersjournal.ie,4,trade
foxbusiness.com,4,national
harrisondaily.com,4,local
observer.com,4,national
westmeathindependent.ie,4,local
oregonlive.com,4,local
times-herald.com,4,local
securityinfowatch.com,4,trade
talkvietnam.com,4,other
kjzz.org,4,local
wvtf.org,4,local
nextbigfuture.com,4,trade
thesunchronicle.com,4,local
therepublic.com,4,local
deccanherald.com,4,national
journal-advocate.com,4,local
cieonline.co.uk,4,trade
fortmorgantimes.com,4,local
fox9.com,4,local
ibtimes.com,4,national
kildare-nationalist.ie,4,local
gdnonline.com,4,national
rechargenews.com,4,trade
toronto.citynews.ca,4,local
wsiu.org,4,local
nbcdfw.com,4,local
bucksfreepress.co.uk,4,local
limaohio.com,4,local
firstpost.com,4,national
myfox28columbus.com,4,local
kval.com,4,local
stwnewspress.com,4,local
kunc.org,4,local
wunc.org,4,local
grandforksherald.com,4,local
pilotonline.com,4,local
lancasteronline.com,4,local
wdrb.com,4,local
engineering.com,4,trade
abc6onyourside.com,4,local
wvnews.com,4,local
wvmetronews.com,4,local
wdio.com,4,local
gloucesteradvocate.com.au,4,local
wyso.org,4,local
nbcmontana.com,4,local
foxillinois.com,4,local
gazettextra.com,4,local
kxxv.com,4,local
wchstv.com,4,local
wyomingnews.com,3,local
austinglobe.com,3,wire_pr
kfgo.com,3,local
destructoid.com,3,trade
forextv.com,3,wire_pr
nbr.co.nz,3,national
rejournals.com,3,trade
itp.net,3,trade
maryvilleforum.com,3,local
ca.finance.yahoo.com,3,wire_pr
renews.biz,3,trade
businessfacilities.com,3,trade
glamsham.com,3,wire_pr
wealthmanagement.com,3,trade
wenatcheeworld.com,3,local
middlenecknews.com,3,local
thenews-chronicle.com,3,national
computerworld.com,3,trade
business.scoop.co.nz,3,wire_pr
bizjournals.com,3,local
newsghana.com.gh,3,national
rnz.co.nz,3,national
pcmag.com,3,trade
theportugalnews.com,3,national
kdhnews.com,3,local
arabianbusiness.com,3,national
heraldglobe.com,3,wire_pr
politico.eu,3,national
leinsterexpress.ie,3,local
kilkennypeople.ie,3,local
hydrocarbonprocessing.com,3,trade
designworldonline.com,3,trade
channelweb.co.uk,3,trade
rappnews.com,3,local
missoulian.com,3,local
saudigazette.com.sa,3,national
newjerseytelegraph.com,3,wire_pr
biofuelsdigest.com,3,trade
channel3000.com,3,local
fuelcellsworks.com,3,trade
asiabulletin.com,3,wire_pr
dailyprogress.com,3,local
cambodiantimes.com,3,wire_pr
nbclosangeles.com,3,local
crainscleveland.com,3,local
en.vietnamplus.vn,3,national
idahopress.com,3,local
wired.com,3,national
thepeninsulaqatar.com,3,national
laosnews.net,3,wire_pr
insurancenewsnet.com,3,wire_pr
latimes.com,3,national
capitalethiopia.com,3,national
techcentral.ie,3,trade
japantimes.co.jp,3,national
techzine.eu,3,trade
albuquerqueexpress.com,3,wire_pr
venturesafrica.com,3,national
southeastasiapost.com,3,wire_pr
wtvr.com,3,local
deccanchronicle.com,3,national
tribuneonlineng.com,3,national
eenewseurope.com,3,trade
emirates247.com,3,national
crowdfundinsider.com,3,trade
newstalk.com,3,national
hngn.com,3,national
techrecur.com,3,trade
nonpareilonline.com,3,local
altenergymag.com,3,trade
wkzo.com,3,local
thetimes.co.uk,3,national
nrtoday.com,3,local
brazilbusiness.einnews.com,3,wire_pr
watfordobserver.co.uk,3,local
mbtmag.com,3,trade
world-nuclear-news.org,3,trade
biztechafrica.com,3,trade
local10.com,3,local
hometown-pages.com,3,wire_pr
europesun.com,3,wire_pr
10tv.com,3,local
scoop.co.nz,3,national
shanghaiist.com,3,other
ibtimes.com.au,3,national
columbustelegram.com,3,local
wtol.com,3,local
washingtonexaminer.com,3,national
punto.com.ph,3,local
westernpeople.ie,3,local
santafenewmexican.com,3,local
barrons.com,3,national
fudzilla.com,3,trade
economist.com,3,national
bubblear.com,3,wire_pr
htxt.co.za,3,trade
intelligentcio.com,3,trade
thestatesman.com,3,national
springfieldnewssun.com,3,local
wboi.org,3,local
wiltshiretimes.co.uk,3,local
thenextweb.com,3,national
wibc.com,3,local
thenews.com.pk,3,national
newcivilengineer.com,3,trade
rttnews.com,3,wire_pr
proactiveinvestors.com.au,3,national
nypost.com,3,national
asianinvestor.net,3,trade
expressnews.com,3,local
cpr.org,3,local
money.usnews.com,3,national
henricocitizen.com,3,local
cyprus-mail.com,3,national
thegazette.com,3,local
elpasoinc.com,3,local
hurriyetdailynews.com,3,national
breitbart.com,3,national
seattletimes.com,3,local
cleantechnica.com,3,trade
esi-africa.com,3,trade
achrnews.com,3,trade
nuclear-news.net,3,other
wemu.org,3,local
fingerlakes1.com,3,local
97rockonline.com,3,local
riotimesonline.com,3,national
rtoinsider.com,3,trade
cardinalcourieronline.com,3,wire_pr
wallstreetpit.com,3,national
neworleanscitybusiness.com,3,local
wsls.com,3,local
mankatofreepress.com,3,local
greenfieldreporter.com,3,local
virginiabusiness.com,3,local
singletonargus.com.au,3,local
naturalnews.com,3,other
americanbazaaronline.com,3,national
renewableenergyworld.com,3,trade
siliconvalley.com,3,local
pv-magazine.com,3,trade
wishtv.com,3,local
columbian.com,3,local
wvgazettemail.com,3,local
whas11.com,3,local
kitguru.net,3,trade
thebatavian.com,3,local
boisestatepublicradio.org,3,local
dailyreporter.com,3,trade
freemalaysiatoday.com,3,national
radio.wpsu.org,3,local
standardspeaker.com,3,local
wesa.fm,3,local
newser.com,3,national
wmtv15news.com,3,local
ktul.com,3,local
chicago.suntimes.com,3,local
ksdk.com,3,local
wsoctv.com,3,local
channellife.com.au,3,trade
newsitem.com,3,local
bridgemi.com,3,local
cbs4local.com,3,local
cnycentral.com,3,local
queanbeyanage.com.au,3,local
gowatertown.net,3,local
flagpole.com,3,local
michigandaily.com,3,local
13newsnow.com,3,local
13wmaz.com,3,local
firstalert4.com,3,local
alltoc.com,3,other
con-telegraph.ie,2,local
mtstandard.com,2,local
bloombergquint.com,2,national
bendbulletin.com,2,local
gigaom.com,2,trade
omaha.com,2,local
varinsights.com,2,trade
mybroadband.co.za,2,trade
investmentwatchblog.com,2,other
mactech.com,2,trade
kcentv.com,2,local
sfgate.com,2,local
realassets.ipe.com,2,trade
princewilliamtimes.com,2,local
huewire.com,2,trade
ksisradio.com,2,local
sandiegouniontribune.com,2,local
theedgemarkets.com,2,national
yorknewstimes.com,2,local
sunstar.com.ph,2,national
thetradenews.com,2,trade
clevelandstar.com,2,wire_pr
jsa.net,2,trade
bakersfield.com,2,local
itbusiness.ca,2,trade
greekherald.com,2,wire_pr
ummid.com,2,national
lagrandeobserver.com,2,local
easternmirrornagaland.com,2,local
thebulltulsa.com,2,local
desmoinesregister.com,2,local
waterstechnology.com,2,trade
dallassun.com,2,wire_pr
vietnamnet.vn,2,national
mtpr.org,2,local
pittsburghstar.com,2,wire_pr
infotel.ca,2,local
caixinglobal.com,2,national
baltimorestar.com,2,wire_pr
gjsentinel.com,2,local
siouxcityjournal.com,2,local
pressreleasepoint.com,2,wire_pr
parisguardian.com,2,wire_pr
virginiamercury.com,2,local
wrvo.org,2,local
wxpr.org,2,local
en.prnasia.com,2,wire_pr
investegate.co.uk,2,wire_pr
milwaukeesun.com,2,wire_pr
vanillaplus.com,2,trade
caledonianrecord.com,2,local
tribuneindia.com,2,national
in.gr,2,national
cbn.co.za,2,local
greekcitytimes.com,2,national
fdiintelligence.com,2,trade
kpq.com,2,local
greenbiz.com,2,trade
jacksonprogress-argus.com,2,local
guampdn.com,2,local
eastvalleytribune.com,2,local
crainsdetroit.com,2,local
archinect.com,2,trade
community.scoop.co.nz,2,wire_pr
djcoregon.com,2,trade
pctechmag.com,2,trade
dailytimes.com.pk,2,national
bdtonline.com,2,local
devdiscourse.com,2,national
hapakenya.com,2,trade
garoweonline.com,2,national
morungexpress.com,2,local
thedailytimes.com,2,local
bgdailynews.com,2,local
thestandard.com.hk,2,national
restonnow.com,2,local
thestandard.co.zw,2,national
leadertelegram.com,2,local
donegallive.ie,2,local
techcabal.com,2,trade
timesdaily.com,2,local
tipperarylive.ie,2,local
dbta.com,2,trade
niagarafallsreporter.com,2,local
al-monitor.com,2,national
thisislocallondon.co.uk,2,local
ispreview.co.uk,2,trade
londonmercury.com,2,wire_pr
virtual-strategy.com,2,wire_pr
monitor.co.ug,2,national
nextbigwhat.com,2,trade
caribbeanherald.com,2,wire_pr
guru3d.com,2,trade
anandtech.com,2,trade
madison.com,2,local
theage.com.au,2,national
journal-topics.com,2,local
timesnownews.com,2,national
nbcrightnow.com,2,local
nbc4i.com,2,local
wnewsj.com,2,local
nytimes.com,2,national
longfordleader.ie,2,local
bilkulonline.com,2,national
starherald.com,2,local
wset.com,2,local
wlip.com,2,local
finanzen.at,2,wire_pr
columbiabasinherald.com,2,local
yourstory.com,2,trade
thereminder.ca,2,local
kait8.com,2,local
anglocelt.ie,2,local
pehub.com,2,trade
engineering-jobs.theiet.org,2,other
propakistani.pk,2,trade
gazette.com,2,local
wcbe.org,2,local
architectureanddesign.com.au,2,trade
dailyyonder.com,2,national
ein.iconnect007.com,2,trade
wsaz.com,2,local
newyorkstatesman.com,2,wire_pr
china-briefing.com,2,trade
insideevs.com,2,trade
timesnews.net,2,local
diginomica.com,2,trade
knau.org,2,local
dentonrc.com,2,local
borneobulletin.com.bn,2,national
offalyindependent.ie,2,local
dailytidings.com,2,local
johnogroat-journal.co.uk,2,local
mprnews.org,2,local
swfinstitute.org,2,trade
whig.com,2,local
reuters.com,2,national
channeleye.co.uk,2,trade
ghanamma.com,2,national
jamaicantimes.com,2,wire_pr
climatecontrolnews.com.au,2,trade
modernreaders.com,2,wire_pr
albawaba.com,2,national
bdcnetwork.com,2,trade
zimbabwestar.com,2,wire_pr
eurasiareview.com,2,national
industryweek.com,2,trade
krcrtv.com,2,local
kvue.com,2,local
investopedia.com,2,national
cointelegraph.com,2,trade
kfyrtv.com,2,local
theweek.in,2,national
circleid.com,2,trade
foxnews.com,2,national
us.cnn.com,2,national
globalconstructionreview.com,2,trade
renewableenergymagazine.com,2,trade
computing.co.uk,2,trade
tribstar.com,2,local
kcrg.com,2,local
miningweekly.com,2,trade
11alive.com,2,local
joyfreepress.com,2,other
cacm.acm.org,2,trade
tulsaworld.com,2,local
interaksyon.philstar.com,2,national
squatchrocks.com,2,local
chiangraitimes.com,2,local
perhamfocus.com,2,local
denverpost.com,2,local
athens-times.com,2,local
dmagazine.com,2,local
wosu.org,2,local
wowo.com,2,local
techent.tv,2,trade
dailymail.co.uk,2,national
dominica.gov.dm,2,other
wsfa.com,2,local
thedailystar.net,2,national
funds-europe.com,2,trade
naftemporiki.gr,2,national
fox42kptm.com,2,local
piquenewsmagazine.com,2,local
wutc.org,2,local
dailyjournal.net,2,local
gamerant.com,2,other
thejakartapost.com,2,national
abc7amarillo.com,2,local
theenterpriseleader.com,2,wire_pr
onegreenplanet.org,2,other
knoxradio.com,2,local
lanereport.com,2,local
edmontonjournal.com,2,local
fool.com.au,2,national
thecorner.eu,2,national
midmichigannow.com,2,local
live5news.com,2,local
pymnts.com,2,trade
grist.org,2,national
theborneopost.com,2,local
solarpowerportal.co.uk,2,trade
elkharttruth.com,2,local
interlochenpublicradio.org,2,local
600wmtradio.iheart.com,2,local
dailylocal.com,2,local
roanoke.com,2,local
mcall.com,2,local
insidermedia.com,2,trade
edmontonexaminer.com,2,local
thisisoxfordshire.co.uk,2,local
thedailynewsonline.com,2,local
bostonglobe.com,2,local
pv-tech.org,2,trade
airdriecityview.com,2,local
thecooldown.com,2,other
csrwire.com,2,wire_pr
knoe.com,2,local
pressenterpriseonline.com,2,local
herald-dispatch.com,2,local
theconstructionindex.co.uk,2,trade
idahobusinessreview.com,2,local
stalbertgazette.com,2,local
eastbaytimes.com,2,local
areadevelopment.com,2,trade
wgme.com,2,local
newsweek.com,2,national
nny360.com,2,local
electronicdesign.com,2,trade
lockhaven.com,2,local
tonyskansascity.com,2,local
newkerala.com,2,national
yakimaherald.com,2,local
aol.com,2,national
nbcmiami.com,2,local
1049therebel.com,2,local
butlereagle.com,2,local
wwno.org,2,local
sloveniatimes.com,2,national
ibtimes.co.in,2,national
domain-b.com,2,national
evertiq.com,2,trade
newson6.com,2,local
weirtondailytimes.com,2,local
wandtv.com,2,local
pottsmerc.com,2,local
grimsbytelegraph.co.uk,2,local
advocate-news.com,2,local
publicradioeast.org,2,local
technologyreview.com,2,trade
electric949.com,2,local
indonesiatribune.com,2,national
northwestgeorgianews.com,2,local
indiatvnews.com,2,national
cvilletomorrow.org,2,local
betakit.com,2,trade
wvik.org,2,local
lufkindailynews.com,2,local
rockymounttelegram.com,2,local
news18.com,2,national
statesboroherald.com,2,local
upr.org,2,local
pennlive.com,2,local
kashmirreader.com,2,local
13wham.com,2,local
governorswindenergycoalition.org,2,other
havasunews.com,2,local
kuaf.com,2,local
wlky.com,2,local
mymotherlode.com,2,local
keyc.com,2,local
informatechtarget.com,2,trade
wcnc.com,2,local
arkansasonline.com,2,local
wrno.iheart.com,2,local
wysu.org,2,local
timesleader.com,2,local
wydaily.com,2,local
news.az,2,national
sanfordherald.com,2,local
republicanherald.com,2,local
bunburymail.com.au,2,local
fox56.com,2,local
tiftongazette.com,2,local
myhostnews.com,2,trade
41nbc.com,2,local
power-technology.com,2,trade
hubcityradio.com,2,local
kvia.com,2,local
counterpunch.org,2,national
somdnews.com,2,local
kob.com,2,local
slguardian.org,2,national
click2houston.com,2,local
edenmagnet.com.au,2,local
mercurynews.com,2,local
batemansbaypost.com.au,2,local
ksmu.org,2,local
coloradostar.com,2,other
datacenter.news,2,trade
whro.org,2,local
gulte.com,2,local
wyomingnewsnow.tv,2,local
wbrz.com,2,local
austin.culturemap.com,2,local
statesman.com,2,local
wctrib.com,2,local
gpb.org,2,local
illinoistimes.com,2,local
wmtw.com,2,local
koco.com,2,local
cnn.com,2,national
wbay.com,2,local
themorningsun.com,2,local
energy-pedia.com,2,trade
wfyi.org,2,local
utahindependent.com,2,other
fox2detroit.com,2,local
windsorstar.com,2,local
katv.com,2,local
wknofm.org,2,local
kwbu.org,2,local
easternriverinachronicle.com.au,2,local
whsm.com,2,local
wilx.com,2,local
wlrn.org,2,local
mykisscountry937.com,2,local
news.tuoitre.vn,2,national
myleaderpaper.com,2,local
koolfmabilene.com,2,local
satellitetoday.com,2,trade
tradearabia.com,2,national
thenewsherald.com,2,local
gulfcoastnewsnow.com,2,local
theoaklandpress.com,2,local
communityimpact.com,2,local
ktvz.com,2,local
mendocinobeacon.com,2,local
whqr.org,2,local
capitalgazette.com,2,local
theleader.com.au,2,local
kpbs.org,2,local
wapt.com,2,local
khak.com,2,local
koreatimes.co.kr,2,national
wvtm13.com,2,local
pressherald.com,2,local
baltimoresun.com,2,local
wrdw.com,2,local
space.com,2,national
thevwindependent.com,2,local
2news.com,2,local
times-news.com,2,local
fox969.com,2,local
woub.org,2,local
oberonreview.com.au,2,local
ktxs.com,2,local
enr.com,2,trade
vnews.com,2,local
stcatharinesstandard.ca,2,local
azcentral.com,1,local
drgnews.com,1,local
twinfinite.net,1,other
chilecomparte.cl,1,other
realestatebusiness.com.au,1,trade
environmentalleader.com,1,trade
datamation.com,1,trade
macaubusiness.com,1,national
billingsgazette.com,1,local
law360.com,1,trade
maxwellgunterdispatch.com,1,other
finextra.com,1,trade
2merkato.com,1,national
newscenter1.tv,1,local
idgconnect.com,1,trade
dw.com,1,national
helenair.com,1,local
slator.com,1,trade
generation-nt.com,1,trade
businessdailyafrica.com,1,national
kulr8.com,1,local
investvine.com,1,trade
wfmd.com,1,local
shanghainews.net,1,other
933thedrive.com,1,local
africa.businessinsider.com,1,national
journal.com.ph,1,national
wdbqam.com,1,local
libyannewswire.com,1,wire_pr
oanow.com,1,local
gamepur.com,1,other
shoosmiths.co.uk,1,other
dutchnews.nl,1,national
indiainfoline.com,1,national
federalnewsnetwork.com,1,trade
theautochannel.com,1,trade
stlouisstar.com,1,wire_pr
africanewswire.za.com,1,wire_pr
stamfordadvocate.com,1,local
iraqsun.com,1,wire_pr
stuff.co.nz,1,national
ktlo.com,1,local
rep-am.com,1,local
starexponent.com,1,local
thesouthern.com,1,local
dezeen.com,1,trade
businessrecord.com,1,local
kios.org,1,local
techwire.net,1,trade
justmeans.com,1,trade
opengovasia.com,1,trade
muscatdaily.com,1,national
pantagraph.com,1,local
worldpropertyjournal.com,1,trade
herald-review.com,1,local
facilityexecutive.com,1,trade
qconline.com,1,local
wiredprnews.com,1,wire_pr
akipress.com,1,national
bigcountry995.com,1,local
marketscale.com,1,trade
thetimeshub.in,1,other
khits.com,1,local
northernnews.ca,1,local
dkoding.in,1,trade
kyma.com,1,local
concreteproducts.com,1,trade
eyeradio.org,1,national
science.thewire.in,1,national
industrytoday.co.uk,1,trade
guardian.ng,1,national
realwire.com,1,wire_pr
bozemandailychronicle.com,1,local
740thefan.com,1,local
techtarget.com,1,trade
idrw.org,1,other
diplomaticourier.com,1,national
vanguardngr.com,1,national
charkoosta.com,1,local
updatesnews.com,1,other
news-journal.com,1,local
uschamber.com,1,other
scienceblog.com,1,other
kuer.org,1,local
theafricareport.com,1,national
hometownstations.com,1,local
theindependent.com,1,local
caribbeannewsglobal.com,1,national
kualalumpurtimes.com,1,national
thezimbabwemail.com,1,national
businessnewsthisweek.com,1,wire_pr
chroniclejournal.com,1,local
technologyrecord.com,1,trade
apr.org,1,local
afghanistansun.com,1,wire_pr
ypradio.org,1,local
kunm.org,1,local
fortuneindia.com,1,national
baoapbac.vn,1,local
aspenpublicradio.org,1,local
onmsft.com,1,trade
wuft.org,1,local
en.qantara.de,1,national
kawc.org,1,local
hjnews.com,1,local
fox32chicago.com,1,local
krvs.org,1,local
batonrougepost.com,1,wire_pr
rexburgstandardjournal.com,1,local
heraldscotland.com,1,national
irishsun.com,1,wire_pr
noypigeeks.com,1,trade
beatricedailysun.com,1,local
wmal.com,1,local
tech.hindustantimes.com,1,national
utilities-me.com,1,trade
so-co-it.com,1,other
mynews13.com,1,local
azerbaijannews.net,1,wire_pr
kelo.com,1,local
iraq-businessnews.com,1,national
digitalnewsasia.com,1,trade
automationworld.com,1,trade
thewall.fyi,1,national
gcn.com,1,trade
inc42.com,1,trade
channelasia.tech,1,trade
themiddlemarket.com,1,trade
itproportal.com,1,trade
worcesternews.co.uk,1,local
885thebeach.com,1,local
jakartaglobe.id,1,national
blog.physicsworld.com,1,trade
financemagnates.com,1,trade
timescolonist.com,1,local
thenationonlineng.net,1,national
silicon.co.uk,1,trade
design-reuse.com,1,trade
advancedbiofuelsusa.info,1,trade
dispatch.com,1,local
taiwansun.com,1,wire_pr
henryherald.com,1,local
kuwaittimes.com,1,national
foreignaffairs.co.nz,1,other
delawareonline.com,1,local
electronics360.globalspec.com,1,trade
liliputing.com,1,trade
montreal.ctvnews.ca,1,local
middleeaststar.com,1,national
gizmochina.com,1,trade
lawyersweekly.com.au,1,trade
nation.sc,1,national
maribyrnonghobsonsbay.starweekly.com.au,1,local
healthcare-digital.com,1,trade
tillamookheadlightherald.com,1,local
knsiradio.com,1,local
y94.com,1,local
dailyexcelsior.com,1,local
esgnews.com,1,trade
victoriaadvocate.com,1,local
english.sakshi.com,1,local
pipelinepub.com,1,trade
energy.economictimes.indiatimes.com,1,trade
winchesterstar.com,1,local
thewire.in,1,national
sharechat.co.nz,1,wire_pr
nation.africa,1,national
soyacincau.com,1,trade
information-age.com,1,trade
newstalk1230.net,1,local
thecentersquare.com,1,wire_pr
france24.com,1,national
scrippsnews.com,1,national
neworleanssun.com,1,wire_pr
martinsvillebulletin.com,1,local
onenewspage.com,1,wire_pr
musicbusinessworldwide.com,1,trade
dailyadvance.com,1,local
blog.executivebiz.com,1,trade
theolivepress.es,1,local
freshplaza.com,1,trade
cityfarmer.info,1,other
corvallisadvocate.com,1,local
constructionweekonline.in,1,trade
phoronix.com,1,trade
edie.net,1,trade
icenews.is,1,national
njbiz.com,1,local
mexiconewsdaily.com,1,national
al.com,1,local
news.siliconindia.com,1,trade
aviationweek.com,1,trade
wraltechwire.com,1,local
innovationtoronto.com,1,trade
newstalkzb.co.nz,1,national
clarksvillenow.com,1,local
uk.news.yahoo.com,1,wire_pr
ncadvertiser.com,1,local
middletownpress.com,1,local
muscatinejournal.com,1,local
theengineer.co.uk,1,trade
worldcoal.com,1,trade
gtlaw.com,1,other
irishmirror.ie,1,national
ctinsider.com,1,local
newsmaker.com.au,1,other
leadersleague.com,1,trade
upstreamonline.com,1,trade
loudounnow.com,1,local
dailycamera.com,1,local
ctpost.com,1,local
punchng.com,1,national
wbjournal.com,1,local
canindia.com,1,other
newsday.co.zw,1,national
dcnewsnow.com,1,local
phoneworld.com.pk,1,trade
techbooky.com,1,trade
marketbusinessnews.com,1,other
goskagit.com,1,local
howtogeek.com,1,trade
graphic.com.gh,1,national
sciotopost.com,1,local
morningjournal.com,1,local
tribune.net.ph,1,national
lakegenevanews.net,1,local
heraldandnews.com,1,local
ghanaweb.com,1,national
enn.com,1,trade
cio.economictimes.indiatimes.com,1,trade
news.topwirenews.com,1,wire_pr
thefinance.sg,1,trade
namibiansun.com,1,national
thehour.com,1,local
leinsterleader.ie,1,local
metro.us,1,national
prweb.com,1,wire_pr
news.priyo.com,1,national
kaleidoscot.com,1,other
northafricapost.com,1,national
udayavani.com,1,local
postcrescent.com,1,local
offalyexpress.ie,1,local
starlocalmedia.com,1,local
siliconcanals.com,1,trade
siliconera.com,1,trade
jsonline.com,1,local
thecabin.net,1,local
supplychainmarket.com,1,trade
mainemirror.com,1,other
marketing-interactive.com,1,trade
rbj.net,1,local
pakistantelegraph.com,1,other
datanami.com,1,trade
nagalandpost.com,1,local
floridastatesman.com,1,other
manilastandard.net,1,national
island.lk,1,national
phnompenhpost.com,1,national
kachwanya.com,1,trade
israelherald.com,1,other
hongkongherald.com,1,other
kearneyhub.com,1,local
haitisun.com,1,other
sinchew.com.my,1,national
countercurrents.org,1,national
sanantoniopost.com,1,other
carnewschina.com,1,trade
whio.com,1,local
independentaustralia.net,1,national
milehighcre.com,1,trade
kiratas.com,1,other
cpomagazine.com,1,trade
buildingtalk.com,1,trade
98fm.com,1,local
realradio804.com,1,local
hellenicshippingnews.com,1,trade
extra.ie,1,national
news.europawire.eu,1,wire_pr
vietnam-briefing.com,1,trade
techweez.com,1,trade
trinidadtimes.com,1,other
newswire.ca,1,wire_pr
myjoyonline.com,1,national
insurancejournal.com,1,trade
ctvnews.ca,1,national
climatecrocks.com,1,other
geeky-gadgets.com,1,trade
thenigerianvoice.com,1,national
opp.today,1,other
her.yourstory.com,1,trade
wsjm.com,1,local
arabtimesonline.com,1,national
imeche.org,1,trade
hub.secure-ic.com,1,other
dcvelocity.com,1,trade
keprtv.com,1,local
vccircle.com,1,trade
983thecoast.com,1,local
kbc.co.ke,1,national
mobilesyrup.com,1,trade
channelfutures.com,1,trade
techfinancials.co.za,1,trade
themobileindian.com,1,trade
nova.ie,1,local
967theeagle.net,1,local
traveldailymedia.com,1,trade
knopnews2.com,1,local
wacotrib.com,1,local
poncacitynow.com,1,local
diariodeiguape.com,1,local
defence.pk,1,other
uniindia.com,1,wire_pr
northernpublicradio.org,1,local
keyt.com,1,local
twincities.com,1,local
tech-critter.com,1,trade
nationalparkstraveler.org,1,national
sciencealert.com,1,national
finsmes.com,1,trade
ibj.com,1,local
navhindtimes.in,1,local
governing.com,1,trade
oxfordstudent.com,1,local
zonebourse.com,1,wire_pr
madisoncourier.com,1,local
steelguru.com,1,trade
dslreports.com,1,trade
pragativadi.com,1,local
djournal.com,1,local
bluemountaineagle.com,1,local
canaleenergia.com,1,trade
unitedwithisrael.org,1,other
sciencebusiness.net,1,trade
eugenedailynews.com,1,local
effinghamdailynews.com,1,local
urdupoint.com,1,national
dailypioneer.com,1,national
zmescience.com,1,national
romania-insider.com,1,national
etftrends.com,1,trade
dominicantoday.com,1,national
thepitchkc.com,1,local
greentechlead.com,1,trade
ruetir.com,1,trade
y105fm.com,1,local
tanzanianewsreports.com,1,other
placenorthwest.co.uk,1,trade
quickcountry.com,1,local
rubbernews.com,1,trade
mix108.com,1,local
kcci.com,1,local
vietnamnews.vn,1,national
newzealandstar.com,1,other
news.sky.com,1,national
cajnewsafrica.com,1,wire_pr
cranestodaymagazine.com,1,trade
siasat.com,1,local
nuggetnews.com,1,local
hillsboroherald.com,1,local
wbiw.com,1,local
business-review.eu,1,national
963xke.com,1,local
genevalunch.com,1,local
smdailyjournal.com,1,local
wordpress.com,1,other
lmtonline.com,1,local
newsbtc.com,1,trade
naija247news.com,1,national
saltwire.com,1,local
thewest.com.au,1,local
lhrtimes.com,1,other
cryptonews.com,1,trade
odt.co.nz,1,local
rashtranews.com,1,other
powerphilippines.com,1,trade
tv6tnt.com,1,local
leducrep.com,1,local
kw3.com,1,local
von.gov.ng,1,other
khaosodenglish.com,1,national
heraldcourier.com,1,local
kwqc.com,1,local
business.outlookindia.com,1,national
mvariety.com,1,local
investing.com,1,wire_pr
pc-tablet.co.in,1,trade
geo.tv,1,national
cryptopolitan.com,1,trade
nbcsandiego.com,1,local
campustechnology.com,1,trade
extremetech.com,1,trade
katu.com,1,local
electricenergyonline.com,1,trade
qctimes.com,1,local
electrek.co,1,trade
washtimesherald.com,1,local
fox26houston.com,1,local
baystreet.ca,1,national
dieselgasoil.com,1,other
eetimes.com,1,trade
shanghaisun.com,1,local
bryantimes.com,1,local
home.cern,1,other
telegraph.co.uk,1,national
wbtmdanville.com,1,local
miningreview.com,1,trade
africa-newsroom.com,1,wire_pr
en.tempo.co,1,national
thestatehousefile.com,1,local
globalnews.ca,1,national
yorkshirepost.co.uk,1,local
citybeat.com,1,local
science.slashdot.org,1,trade
chestertontribune.com,1,local
chronline.com,1,local
kiplinger.com,1,national
kgou.org,1,local
wkrb13.com,1,wire_pr
registercitizen.com,1,local
orissapost.com,1,local
ukauthority.com,1,trade
sofokleous10.gr,1,national
investorschronicle.co.uk,1,national
kowb1290.com,1,local
johansen.se,1,other
wiky.com,1,local
newsincyprus.com,1,national
newschannel9.com,1,local
wiltonbulletin.com,1,local
fijivillage.com,1,national
medianama.com,1,trade
myedmondsnews.com,1,local
sakshipost.com,1,local
arcticstartup.com,1,trade
inferse.com,1,other
kiiitv.com,1,local
northkoreatimes.com,1,other
harwichandmanningtreestandard.co.uk,1,local
whtimes.co.uk,1,local
environmentenergyleader.com,1,trade
247wallst.com,1,national
houstonchronicle.com,1,local
hampshirechronicle.co.uk,1,local
wimbledonguardian.co.uk,1,local
kilburntimes.co.uk,1,local
whittierdailynews.com,1,local
bicesteradvertiser.net,1,local
wboc.com,1,local
kccu.org,1,local
chesterstandard.co.uk,1,local
mynspr.org,1,local
gulf-times.com,1,national
newsshopper.co.uk,1,local
derryjournal.com,1,local
wesh.com,1,local
halesowennews.co.uk,1,local
gazetteandherald.co.uk,1,local
krcu.org,1,local
lynnnews.co.uk,1,local
roboticstomorrow.com,1,trade
publictechnology.net,1,trade
edp24.co.uk,1,local
thetimes.com,1,national
eastoregonian.com,1,local
investmentexecutive.com,1,trade
lowellsun.com,1,local
crikey.com.au,1,national
gasworld.com,1,trade
edmontonsun.com,1,local
wglt.org,1,local
constructionequipmentguide.com,1,trade
fbherald.com,1,local
pagosadailypost.com,1,local
cloud-computing.tmcnet.com,1,trade
nationalobserver.com,1,national
hudsonreporter.com,1,local
inthesetimes.com,1,national
nakedcapitalism.com,1,national
sierraleonetimes.com,1,national
tech.news.am,1,trade
hotair.com,1,national
presspublications.com,1,local
louisianaradionetwork.com,1,local
cities929.com,1,local
ai-cio.com,1,trade
newdelhitimes.com,1,national
gizbot.com,1,trade
euractiv.com,1,national
governancenow.com,1,trade
ai-online.com,1,trade
apnews.com,1,wire_pr
bdonline.co.uk,1,trade
k945.com,1,local
eldoradonews.com,1,local
mirror.co.uk,1,national
institutionalinvestor.com,1,trade
qrius.com,1,national
goodmenproject.com,1,national
1290wlby.com,1,local
wgowam.com,1,local
e.vnexpress.net,1,national
archdaily.com,1,trade
thefifthestate.com.au,1,trade
kkoh.com,1,local
kedm.org,1,local
chronicle.lu,1,national
eturbonews.com,1,trade
coinspeaker.com,1,trade
hartenergy.com,1,trade
themarketsdaily.com,1,wire_pr
fox4beaumont.com,1,local
theconservativetreehouse.com,1,national
thecable.ng,1,national
dakotawarcollege.com,1,local
newcastleherald.com.au,1,local
middleeastmonitor.com,1,national
chroniclelive.co.uk,1,local
newstribune.com,1,local
turnto10.com,1,local
wtov9.com,1,local
publicnewsservice.org,1,wire_pr
indiatimes.com,1,national
nebraska.tv,1,local
bennettjones.com,1,other
ironmountaindailynews.com,1,local
thenationalnews.com,1,national
enewschannels.com,1,wire_pr
fortmacleodgazette.com,1,local
voanews.com,1,national
kpel965.com,1,local
prweek.com,1,trade
godanriver.com,1,local
planetizen.com,1,trade
thediplomat.ro,1,national
oedigital.com,1,trade
wdet.org,1,local
gvwire.com,1,local
theecologist.org,1,national
gadget.co.za,1,trade
postbulletin.com,1,local
dl-online.com,1,local
westernwheel.ca,1,local
energyandcapital.com,1,wire_pr
fitzhugh.ca,1,local
poweronline.com,1,trade
californianewswire.com,1,wire_pr
oilandgas360.com,1,trade
newstalkkit.com,1,local
maurice-info.mu,1,national
localgov.co.uk,1,trade
keyw.com,1,local
fox23.com,1,local
stategazette.com,1,local
wvpublic.org,1,local
argusmedia.com,1,trade
broadcastnow.co.uk,1,trade
amazingmadison.com,1,local
timesobserver.com,1,local
courant.com,1,local
ksal.com,1,local
sentinelandenterprise.com,1,local
kunr.org,1,local
tucsonsentinel.com,1,local
echopress.com,1,local
scientificamerican.com,1,national
bondbuyer.com,1,trade
healthcareitnews.com,1,trade
upi.com,1,wire_pr
wpxi.com,1,local
vicnews.com,1,local
news8000.com,1,local
news-herald.com,1,local
foxbangor.com,1,local
inewsgr.com,1,national
readingchronicle.co.uk,1,local
wfaa.com,1,local
calgarysun.com,1,local
reminetwork.com,1,trade
dnaindia.com,1,national
en.shafaqna.com,1,national
intelligentinsurer.com,1,trade
ieyenews.com,1,national
brainerddispatch.com,1,local
kptv.com,1,local
euro-petrole.com,1,trade
bowenislandundercurrent.com,1,local
wkyufm.org,1,local
localmemphis.com,1,local
glendalestar.com,1,local
georgiapolicy.org,1,other
re-port.ru,1,trade
thedailyrecord.com,1,local
intergameonline.com,1,trade
news-daily.com,1,local
altoonamirror.com,1,local
kdrv.com,1,local
joannenova.com.au,1,other
salemnews.net,1,local
ey.com,1,other
theitem.com,1,local
timesleaderonline.com,1,local
scworld.com,1,trade
gfmag.com,1,trade
newsroom.cisco.com,1,other
heraldstaronline.com,1,local
carolinajournal.com,1,local
lehighvalleylive.com,1,local
abnnewswire.net,1,wire_pr
delcotimes.com,1,local
beat102103.com,1,local
scmr.com,1,trade
kgw.com,1,local
wptf.com,1,local
dailypolitical.com,1,wire_pr
wmuk.org,1,local
massachusettssun.com,1,local
krmg.com,1,local
maysville-online.com,1,local
climatechangedispatch.com,1,other
wdtimes.com,1,local
power-eng.com,1,trade
augustafreepress.com,1,local
iafrica.com,1,national
insurancebusinessmag.com,1,trade
13abc.com,1,local
timeslive.co.za,1,national
santacruzsentinel.com,1,local
heraldbulletin.com,1,local
swissinfo.ch,1,national
mayerthorpefreelancer.com,1,local
maritime-executive.com,1,trade
hepburnadvocate.com.au,1,local
tspr.org,1,local
arstechnica.com,1,national
foreignpolicy.com,1,national
cbs8.com,1,local
slashgear.com,1,national
kten.com,1,local
americanpress.com,1,local
929thelake.com,1,local
abc15.com,1,local
abc.net.au,1,national
fox5atlanta.com,1,local
cityam.com,1,national
wuky.org,1,local
ksut.org,1,local
kool1017.com,1,local
watertechonline.com,1,trade
csmonitor.com,1,national
sherepricetarget.com,1,other
knpr.org,1,local
greekreporter.com,1,national
delawarepublic.org,1,local
ktrh.iheart.com,1,local
westmeathexaminer.ie,1,local
helsinkitimes.fi,1,national
cen.acs.org,1,trade
spotlightpa.org,1,local
fox6now.com,1,local
yourthurrock.com,1,local
nextplatform.com,1,trade
k2radio.com,1,local
vindy.com,1,local
justthenews.com,1,national
minotdailynews.com,1,local
whmi.com,1,local
electroiq.com,1,trade
newschannel10.com,1,local
cootamundraherald.com.au,1,local
witf.org,1,local
discoverairdrie.com,1,local
mohavedailynews.com,1,local
talkradio960.com,1,local
wgal.com,1,local
insuranceinsider.com,1,trade
dailymemphian.com,1,local
klove.com,1,national
businessdailynetwork.com,1,wire_pr
mycountry955.com,1,local
theintermountain.com,1,local
popsci.com,1,national
weau.com,1,local
rappler.com,1,national
whky.com,1,local
klcc.org,1,local
riviera-maya-news.com,1,local
livecharts.co.uk,1,wire_pr
theonion.com,1,other
kbtx.com,1,local
livenews.co.nz,1,national
www2.fundsforngos.org,1,other
wvasfm.org,1,local
whyy.org,1,local
gainesvilletimes.com,1,local
texastribune.org,1,local
decaturish.com,1,local
wiscassetnewspaper.com,1,local
inkfreenews.com,1,local
thenational.scot,1,national
windpowermonthly.com,1,trade
newstalk870.am,1,local
theblaze.com,1,national
mainlinemedianews.com,1,local
kansaspublicradio.org,1,local
ilovebobfm.com,1,local
wgauradio.com,1,local
wabi.tv,1,local
express.co.uk,1,national
africaleader.com,1,other
southernminn.com,1,local
lex18.com,1,local
ri.se,1,other
digit.in,1,trade
wisn.com,1,local
wypr.org,1,local
2paragraphs.com,1,national
journalrecord.com,1,local
peacearchnews.com,1,local
campbellrivermirror.com,1,local
weartv.com,1,local
russiaherald.com,1,other
channellife.co.nz,1,trade
wjol.com,1,local
businessweekly.co.uk,1,local
kare11.com,1,local
wthr.com,1,local
theprogress.com,1,local
restofworld.org,1,national
wattsupwiththat.com,1,national
local3news.com,1,local
wrjn.com,1,local
103kkcn.com,1,local
lansingcitypulse.com,1,local
yumasun.com,1,local
abcnews4.com,1,local
ky3.com,1,local
motherjones.com,1,national
thedailystar.com,1,local
socialistproject.ca,1,national
redstate.com,1,national
9and10news.com,1,local
1490wosh.com,1,local
cessnockadvertiser.com.au,1,local
urbanland.uli.org,1,trade
975kgkl.com,1,local
phoenixnewtimes.com,1,local
bakersfieldnow.com,1,local
wamc.org,1,local
kickam1530.com,1,local
tdworld.com,1,trade
bangordailynews.com,1,local
northwaleschronicle.co.uk,1,local
energy-storage.news,1,trade
wzzm13.com,1,local
harrowtimes.co.uk,1,local
camdencourier.com.au,1,local
timeswv.com,1,local
abc12.com,1,local
circleofblue.org,1,national
thehimalayantimes.com,1,national
local12.com,1,local
birminghamtimes.com,1,local
sharecast.com,1,wire_pr
ocbj.com,1,local
calgaryherald.com,1,local
thetelegraphandargus.co.uk,1,local
wnem.com,1,local
yorkpress.co.uk,1,local
truthout.org,1,national
somersetcountygazette.co.uk,1,local
tbsnews.net,1,national
ivpressonline.com,1,local
wjfw.com,1,local
thechemicalengineer.com,1,trade
tctimes.com,1,local
tenterfieldstar.com.au,1,local
realty.economictimes.indiatimes.com,1,national
andoveradvertiser.co.uk,1,local
wistv.com,1,local
wgxa.tv,1,local
komu.com,1,local
sdnewswatch.org,1,local
channelstv.com,1,national
king5.com,1,local
aei.org,1,other
kiro7.com,1,local
abc10.com,1,local
theintelligencer.net,1,local
hometownsource.com,1,local
lvb.com,1,local
thedailyreview.com,1,local
wkow.com,1,local
reporterherald.com,1,local
fultonsun.com,1,local
smh.com.au,1,national
wdsu.com,1,local
tvtechnology.com,1,trade
ktvh.com,1,local
news.wjct.org,1,local
krcgtv.com,1,local
prospect.org,1,national
qatar-tribune.com,1,national
abqjournal.com,1,local
ktbs.com,1,local
salon.com,1,national
coloradohometownweekly.com,1,local
news9.com,1,local
derrynow.com,1,local
observer-reporter.com,1,local
fox4news.com,1,local
themissouritimes.com,1,local
naroomanewsonline.com.au,1,local
570wkbn.iheart.com,1,local
29news.com,1,local
wjcl.com,1,local
wtkr.com,1,local
akronnewsreporter.com,1,local
earthtimes.org,1,other
kimatv.com,1,local
kens5.com,1,local
dailynews.com,1,local
indianapolisrecorder.com,1,local
newsradio540.iheart.com,1,local
vtdigger.org,1,local
mitchellrepublic.com,1,local
leitrimobserver.ie,1,local
japantoday.com,1,national
news.satnews.com,1,trade
mis-asia.com,1,trade
wshu.org,1,local
psdispatch.com,1,local
limerickleader.ie,1,local
cowboystatedaily.com,1,local
ghanaiantimes.com.gh,1,national
dailymaverick.co.za,1,national
summitdaily.com,1,local
tribtoday.com,1,local
wiod.iheart.com,1,local
abcnews.com,1,other
oregoncatalyst.com,1,local
fox13news.com,1,local
warringtonguardian.co.uk,1,local
ncnewsonline.com,1,local
kold.com,1,local
wlos.com,1,local
5newsonline.com,1,local
middleeasteye.net,1,national
duluthnewstribune.com,1,local
kagstv.com,1,local
wmra.org,1,local
technicalreviewmiddleeast.com,1,trade
thesuburban.com,1,local
news4sanantonio.com,1,local
southwalesguardian.co.uk,1,local
ksenam.com,1,local
dailydetroit.com,1,local
lampasasdispatchrecord.com,1,local
mainepublic.org,1,local
news3lv.com,1,local
kfoxtv.com,1,local
wokv.com,1,local
honisoit.com,1,local
troyrecord.com,1,local
wjr.com,1,local
portnews.com.au,1,local
salisburyjournal.co.uk,1,local
tribdem.com,1,local
kicks99.com,1,local
kmhk.com,1,local
westword.com,1,local
baylorlariat.com,1,local
nj1015.com,1,local
aol.co.uk,1,national
wcti12.com,1,local
themainewire.com,1,local
kake.com,1,local
fox17online.com,1,local
brentwoodlive.co.uk,1,local
987jack.com,1,local
wral.com,1,local
adn.com,1,local
wsaw.com,1,local
rfdtv.com,1,national
enewscourier.com,1,local
myb106.com,1,local
peoplesworld.org,1,national
erkansaka.net,1,other
kcby.com,1,local
tickerreport.com,1,wire_pr
mykiss1031.com,1,local
theonefeather.com,1,local
wcsufm.org,1,local
walb.com,1,local
livescience.com,1,national
989wclz.com,1,local
observertoday.com,1,local
knue.com,1,local
wrkf.org,1,local
wkyt.com,1,local
kfox95.com,1,local
valleynewslive.com,1,local
supertalk.fm,1,local
dailysabah.com,1,national
panow.com,1,local
atlantanewsfirst.com,1,local
patch.com,1,local
kltv.com,1,local
chinatechnews.com,1,trade
cbs2iowa.com,1,local
foxbaltimore.com,1,local
wkml.com,1,local
kmxt.org,1,local
phillyvoice.com,1,local
wnnj.iheart.com,1,local
thexradio.com,1,local
pressdemocrat.com,1,local
theconversation.com,1,national
dailydemocrat.com,1,local
kbft.org,1,local
ideastream.org,1,local
guernseypress.com,1,local
nynganobserver.com.au,1,local
sltrib.com,1,local
wflanews.iheart.com,1,local
stardem.com,1,local
dglobe.com,1,local
transylvaniatimes.com,1,local
therural.com.au,1,trade
lasvegassun.com,1,local
fox35orlando.com,1,local
fool.ca,1,national
southernhighlandnews.com.au,1,local
theprovince.com,1,local
centralmaine.com,1,local
easttexasradio.com,1,local
castanetkamloops.net,1,local
979kickfm.com,1,local
meadvilletribune.com,1,local
argentinastar.com,1,wire_pr
metro.co.uk,1,national
reason.com,1,national
tomsguide.com,1,national
watoday.com.au,1,local
kxlf.com,1,local
agrinews-pubs.com,1,trade
digitaltrends.com,1,national
theworldfolio.com,1,trade
wlwt.com,1,local
clearwatertimes.com,1,local
sacurrent.com,1,local
policymattersohio.org,1,other
pasadenastarnews.com,1,local
gleninnesexaminer.com.au,1,local
moabtimes.com,1,local
standard-democrat.com,1,local
businessreport.com,1,local
readingeagle.com,1,local
worldpumps.com,1,trade
coastalcourier.com,1,local
590kqnt.iheart.com,1,local
radiokerry.ie,1,local
mymcmedia.org,1,local
southcoastregister.com.au,1,local
presstelegram.com,1,local
mudgeeguardian.com.au,1,local
mmegi.bw,1,national
1350kman.com,1,local
texarkanagazette.com,1,local
wafb.com,1,local
kogo.iheart.com,1,local
ualrpublicradio.org,1,local
upnorthlive.com,1,local
africanenergychamber.africa-newsroom.com,1,wire_pr
wtok.com,1,local
alaskapublic.org,1,local
dailybreeze.com,1,local
wbt.com,1,local
standard.net,1,local
foxcarolina.com,1,local
ktvq.com,1,local
cachevalleydaily.com,1,local
ladysmithchronicle.com,1,local
ohiostandard.com,1,local
theadvocate.com.au,1,local
14news.com,1,local
981thehawk.com,1,local
terracestandard.com,1,local
newarkpostonline.com,1,local
sungazette.com,1,local
fox17.com,1,local
wyofile.com,1,local
hardenexpress.com.au,1,local
dungogchronicle.com.au,1,local
cjme.com,1,local
fox10tv.com,1,local
thedigitalcourier.com,1,local
wfdd.org,1,local
thereporteronline.com,1,local
washingtonian.com,1,local
kfvs12.com,1,local
wcjb.com,1,local
nevadanewsandviews.com,1,local
redlandcitybulletin.com.au,1,local
townhall.com,1,national
lewistownsentinel.com,1,local
radio.foxnews.com,1,national
rrr.org.au,1,local
mrt.com,1,local
b1047.com,1,local
youralaskalink.com,1,local
1470kyyw.com,1,local
kcur.org,1,local
inquirer.com,1,local
kazu.org,1,local
khq.com,1,local
yasstribune.com.au,1,local
khvhradio.iheart.com,1,local
oleantimesherald.com,1,local
hngnews.com,1,local
foxrochester.com,1,local
wctv.tv,1,local
finchannel.com,1,national
npr.org,1,national
wuwf.org,1,local
wtxl.com,1,local
