date,article_count,total_monitored,volume_pct
2022-01-01,42,149414,0.02811
2022-01-02,39,161094,0.024209
2022-01-03,149,265545,0.056111
2022-01-04,158,333148,0.047426
2022-01-05,232,348263,0.066616
2022-01-06,158,332107,0.047575
2022-01-07,153,324847,0.047099
2022-01-08,39,217492,0.017932
2022-01-09,30,183683,0.016332
2022-01-10,173,330918,0.052279
2022-01-11,208,363627,0.057201
2022-01-12,268,371547,0.072131
2022-01-13,280,376142,0.07444
2022-01-14,171,354941,0.048177
2022-01-15,73,220429,0.033117
2022-01-16,53,203402,0.026057
2022-01-17,137,311847,0.043932
2022-01-18,245,361664,0.067742
2022-01-19,268,382479,0.070069
2022-01-20,244,380848,0.064068
2022-01-21,371,347880,0.106646
2022-01-22,89,225195,0.039521
2022-01-23,55,199935,0.027509
2022-01-24,182,339974,0.053534
2022-01-25,248,368348,0.067328
2022-01-26,246,371141,0.066282
2022-01-27,341,374110,0.09115
2022-01-28,319,354026,0.090106
2022-01-29,87,228536,0.038068
2022-01-30,57,202093,0.028205
2022-01-31,142,317480,0.044727
2022-02-01,237,350519,0.067614
2022-02-02,285,356034,0.080049
2022-02-03,243,356601,0.068143
2022-02-04,186,336205,0.055323
2022-02-05,38,221761,0.017136
2022-02-06,41,201336,0.020364
2022-02-07,223,321429,0.069378
2022-02-08,413,364934,0.113171
2022-02-09,289,372974,0.077485
2022-02-10,207,378488,0.054691
2022-02-11,171,351823,0.048604
2022-02-12,43,224659,0.01914
2022-02-13,28,191923,0.014589
2022-02-14,161,335252,0.048024
2022-02-15,271,359677,0.075345
2022-02-16,310,367311,0.084397
2022-02-17,294,358080,0.082105
2022-02-18,251,348377,0.072048
2022-02-19,56,222598,0.025157
2022-02-20,36,199600,0.018036
2022-02-21,140,319194,0.04386
2022-02-22,259,361226,0.0717
2022-02-23,245,365179,0.06709
2022-02-24,355,386066,0.091953
2022-02-25,208,360034,0.057772
2022-02-26,48,237676,0.020196
2022-02-27,30,214606,0.013979
2022-02-28,180,334893,0.053749
2022-03-01,270,363562,0.074265
2022-03-02,210,372492,0.056377
2022-03-03,291,367530,0.079177
2022-03-04,295,347695,0.084844
2022-03-05,73,234698,0.031104
2022-03-06,37,202424,0.018278
2022-03-07,191,323264,0.059085
2022-03-08,321,360858,0.088955
2022-03-09,237,365943,0.064764
2022-03-10,244,367382,0.066416
2022-03-11,195,350637,0.055613
2022-03-12,58,228939,0.025334
2022-03-13,102,203455,0.050134
2022-03-14,372,330700,0.112489
2022-03-15,232,364753,0.063605
2022-03-16,267,361447,0.07387
2022-03-17,271,361101,0.075048
2022-03-18,185,331343,0.055833
2022-03-19,122,214661,0.056834
2022-03-20,195,193698,0.100672
2022-03-21,229,327006,0.070029
2022-03-22,367,354803,0.103438
2022-03-23,271,362106,0.07484
2022-03-24,251,362216,0.069296
2022-03-25,230,338936,0.067859
2022-03-26,89,222133,0.040066
2022-03-27,51,198122,0.025742
2022-03-28,166,336495,0.049332
2022-03-29,242,365474,0.066215
2022-03-30,273,363619,0.075079
2022-03-31,277,369275,0.075012
2022-04-01,213,347526,0.06129
2022-04-02,59,223991,0.02634
2022-04-03,61,201800,0.030228
2022-04-04,274,325907,0.084073
2022-04-05,246,342429,0.07184
2022-04-06,201,358744,0.056029
2022-04-07,227,361189,0.062848
2022-04-08,189,344498,0.054862
2022-04-09,75,221965,0.033789
2022-04-10,66,192679,0.034254
2022-04-11,218,325625,0.066948
2022-04-12,228,351083,0.064942
2022-04-13,258,347113,0.074327
2022-04-14,204,338583,0.060251
2022-04-15,127,286621,0.044309
2022-04-16,34,202176,0.016817
2022-04-17,26,184221,0.014113
2022-04-18,155,280605,0.055238
2022-04-19,271,338946,0.079954
2022-04-20,261,353275,0.07388
2022-04-21,287,354960,0.080854
2022-04-22,254,332372,0.07642
2022-04-23,66,218025,0.030272
2022-04-24,93,207563,0.044806
2022-04-25,211,314070,0.067182
2022-04-26,266,355023,0.074925
2022-04-27,352,361486,0.097376
2022-04-28,301,360299,0.083542
2022-04-29,203,343685,0.059066
2022-04-30,43,216369,0.019873
2022-05-01,35,188197,0.018598
2022-05-02,143,270111,0.052941
2022-05-03,230,316283,0.07272
2022-05-04,256,315546,0.081129
2022-05-05,265,339716,0.078006
2022-05-06,192,328667,0.058418
2022-05-07,75,210121,0.035694
2022-05-08,42,187563,0.022392
2022-05-09,161,316210,0.050916
2022-05-10,368,344717,0.106754
2022-05-11,297,355962,0.083436
2022-05-12,292,356379,0.081935
2022-05-13,170,334329,0.050848
2022-05-14,51,210020,0.024283
2022-05-15,35,188127,0.018604
2022-05-16,174,322256,0.053994
2022-05-17,283,351298,0.080558
2022-05-18,256,355699,0.071971
2022-05-19,293,345454,0.084816
2022-05-20,247,334078,0.073935
2022-05-21,77,209408,0.03677
2022-05-22,24,188239,0.01275
2022-05-23,179,317549,0.056369
2022-05-24,354,346990,0.10202
2022-05-25,280,352954,0.07933
2022-05-26,308,338601,0.090963
2022-05-27,216,321489,0.067187
2022-05-28,70,199571,0.035075
2022-05-29,39,177459,0.021977
2022-05-30,148,290681,0.050915
2022-05-31,257,330609,0.077735
2022-06-01,287,349356,0.082151
2022-06-02,173,338784,0.051065
2022-06-03,233,302121,0.077121
2022-06-04,111,198531,0.055911
2022-06-05,28,177976,0.015732
2022-06-06,171,297964,0.057389
2022-06-07,228,332633,0.068544
2022-06-08,209,342004,0.06111
2022-06-09,213,342172,0.062249
2022-06-10,151,324489,0.046535
2022-06-11,54,202229,0.026702
2022-06-12,36,187061,0.019245
2022-06-13,184,309089,0.05953
2022-06-14,263,344980,0.076236
2022-06-15,206,350509,0.058772
2022-06-16,267,342247,0.078014
2022-06-17,215,327516,0.065646
2022-06-18,89,203639,0.043705
2022-06-19,41,191407,0.02142
2022-06-20,108,300689,0.035918
2022-06-21,238,330727,0.071963
2022-06-22,268,342014,0.078359
2022-06-23,227,339349,0.066893
2022-06-24,140,319979,0.043753
2022-06-25,54,203761,0.026502
2022-06-26,49,183333,0.026727
2022-06-27,198,308531,0.064175
2022-06-28,356,335644,0.106065
2022-06-29,311,339438,0.091622
2022-06-30,286,345960,0.082669
2022-07-01,195,317063,0.061502
2022-07-02,61,191421,0.031867
2022-07-03,30,175508,0.017093
2022-07-04,84,271611,0.030927
2022-07-05,203,313541,0.064744
2022-07-06,256,326946,0.0783
2022-07-07,237,331079,0.071584
2022-07-08,162,315489,0.051349
2022-07-09,37,194187,0.019054
2022-07-10,37,170102,0.021752
2022-07-11,157,290863,0.053977
2022-07-12,365,322289,0.113252
2022-07-13,188,327682,0.057373
2022-07-14,217,329508,0.065856
2022-07-15,150,313185,0.047895
2022-07-16,31,195079,0.015891
2022-07-17,34,174851,0.019445
2022-07-18,170,297027,0.057234
2022-07-19,182,324463,0.056093
2022-07-20,202,326073,0.061949
2022-07-21,191,326963,0.058416
2022-07-22,173,304026,0.056903
2022-07-23,51,188203,0.027098
2022-07-24,37,166797,0.022183
2022-07-25,177,291395,0.060742
2022-07-26,242,320916,0.075409
2022-07-27,285,325681,0.087509
2022-07-28,278,324137,0.085766
2022-07-29,232,303231,0.076509
2022-07-30,49,186855,0.026224
2022-07-31,30,168632,0.01779
2022-08-01,184,287100,0.064089
2022-08-02,328,311578,0.105271
2022-08-03,241,318092,0.075764
2022-08-04,269,320332,0.083975
2022-08-05,155,303936,0.050998
2022-08-06,46,192105,0.023945
2022-08-07,37,168473,0.021962
2022-08-08,176,282167,0.062374
2022-08-09,317,312403,0.101471
2022-08-10,198,316066,0.062645
2022-08-11,190,310892,0.061114
2022-08-12,148,295605,0.050067
2022-08-13,44,186485,0.023594
2022-08-14,35,160372,0.021824
2022-08-15,142,253689,0.055974
2022-08-16,443,304582,0.145445
2022-08-17,141,301311,0.046796
2022-08-18,211,310842,0.06788
2022-08-19,217,287179,0.075563
2022-08-20,35,184959,0.018923
2022-08-21,32,157433,0.020326
2022-08-22,295,278875,0.105782
2022-08-23,259,310239,0.083484
2022-08-24,371,312470,0.118731
2022-08-25,206,316120,0.065165
2022-08-26,155,298166,0.051984
2022-08-27,59,183513,0.03215
2022-08-28,38,165444,0.022968
2022-08-29,134,283308,0.047298
2022-08-30,409,309740,0.132046
2022-08-31,219,317340,0.069011
2022-09-01,335,320567,0.104502
2022-09-02,196,293251,0.066837
2022-09-03,52,181172,0.028702
2022-09-04,42,168850,0.024874
2022-09-05,116,265087,0.043759
2022-09-06,238,307461,0.077408
2022-09-07,242,322285,0.075089
2022-09-08,246,330214,0.074497
2022-09-09,156,302233,0.051616
2022-09-10,55,193173,0.028472
2022-09-11,32,168675,0.018971
2022-09-12,200,281605,0.071021
2022-09-13,360,321534,0.111963
2022-09-14,259,320704,0.08076
2022-09-15,411,320866,0.128091
2022-09-16,186,298083,0.062399
2022-09-17,134,187196,0.071583
2022-09-18,33,162340,0.020328
2022-09-19,219,284847,0.076883
2022-09-20,293,308540,0.094963
2022-09-21,260,307396,0.084581
2022-09-22,180,305478,0.058924
2022-09-23,143,297175,0.04812
2022-09-24,66,190854,0.034581
2022-09-25,23,172469,0.013336
2022-09-26,128,288492,0.044369
2022-09-27,234,302719,0.077299
2022-09-28,243,307736,0.078964
2022-09-29,259,322433,0.080327
2022-09-30,216,307481,0.070248
2022-10-01,44,192306,0.02288
2022-10-02,27,166376,0.016228
2022-10-03,187,275727,0.067821
2022-10-04,194,295166,0.065726
2022-10-05,171,300221,0.056958
2022-10-06,173,294110,0.058822
2022-10-07,214,281388,0.076052
2022-10-08,77,183911,0.041868
2022-10-09,27,168561,0.016018
2022-10-10,181,276211,0.06553
2022-10-11,259,311607,0.083118
2022-10-12,277,317454,0.087257
2022-10-13,206,317869,0.064807
2022-10-14,167,292614,0.057072
2022-10-15,61,187582,0.032519
2022-10-16,71,167826,0.042306
2022-10-17,591,293798,0.201159
2022-10-18,466,308645,0.150983
2022-10-19,393,322529,0.12185
2022-10-20,224,321430,0.069689
2022-10-21,191,301790,0.063289
2022-10-22,33,179589,0.018375
2022-10-23,38,156398,0.024297
2022-10-24,295,280361,0.105221
2022-10-25,229,312975,0.073169
2022-10-26,226,314064,0.07196
2022-10-27,289,311772,0.092696
2022-10-28,225,296473,0.075892
2022-10-29,66,177538,0.037175
2022-10-30,34,162010,0.020986
2022-10-31,166,282128,0.058839
2022-11-01,218,290922,0.074934
2022-11-02,373,302413,0.123341
2022-11-03,340,305585,0.111262
2022-11-04,337,287557,0.117194
2022-11-05,107,162216,0.065961
2022-11-06,35,166754,0.020989
2022-11-07,160,281263,0.056886
2022-11-08,292,306702,0.095206
2022-11-09,246,327495,0.075116
2022-11-10,311,288809,0.107684
2022-11-11,22,34797,0.063224
2022-11-12,67,193140,0.03469
2022-11-13,29,165166,0.017558
2022-11-14,252,290251,0.086821
2022-11-15,268,316797,0.084597
2022-11-16,250,320652,0.077966
2022-11-17,346,321268,0.107698
2022-11-18,163,302368,0.053908
2022-11-19,112,190672,0.05874
2022-11-20,38,170315,0.022312
2022-11-21,147,284147,0.051734
2022-11-22,236,304500,0.077504
2022-11-23,209,303719,0.068814
2022-11-24,130,273705,0.047496
2022-11-25,116,261208,0.044409
2022-11-26,60,171364,0.035013
2022-11-27,36,150557,0.023911
2022-11-28,136,279657,0.048631
2022-11-29,248,308618,0.080358
2022-11-30,251,314152,0.079898
2022-12-01,206,312330,0.065956
2022-12-02,193,292950,0.065882
2022-12-03,52,173559,0.029961
2022-12-04,28,156942,0.017841
2022-12-05,149,281428,0.052944
2022-12-06,299,305719,0.097802
2022-12-07,296,313894,0.094299
2022-12-08,263,300585,0.087496
2022-12-09,210,288145,0.07288
2022-12-10,40,180220,0.022195
2022-12-11,35,155005,0.02258
2022-12-12,137,277006,0.049457
2022-12-13,238,306020,0.077773
2022-12-14,316,309803,0.102
2022-12-15,327,312359,0.104687
2022-12-16,212,288582,0.073463
2022-12-17,54,183832,0.029375
2022-12-18,34,162134,0.02097
2022-12-19,169,268857,0.062859
2022-12-20,199,293918,0.067706
2022-12-21,222,296605,0.074847
2022-12-22,270,287838,0.093803
2022-12-23,88,261269,0.033682
2022-12-24,78,167997,0.046429
2022-12-25,30,132077,0.022714
2022-12-26,123,191725,0.064154
2022-12-27,260,240831,0.10796
2022-12-28,139,254179,0.054686
2022-12-29,133,254727,0.052213
2022-12-30,124,240408,0.051579
2022-12-31,57,169513,0.033626
2023-01-01,23,140639,0.016354
2023-01-02,37,196619,0.018818
2023-01-03,174,259205,0.067128
2023-01-04,142,281813,0.050388
2023-01-05,234,288347,0.081152
2023-01-06,169,262980,0.064263
2023-01-07,55,180287,0.030507
2023-01-08,41,164972,0.024853
2023-01-09,190,281757,0.067434
2023-01-10,235,306052,0.076784
2023-01-11,267,317953,0.083975
2023-01-12,265,312337,0.084844
2023-01-13,177,302127,0.058585
2023-01-14,65,189573,0.034288
2023-01-15,62,167911,0.036924
2023-01-16,133,264487,0.050286
2023-01-17,219,303927,0.072057
2023-01-18,233,299365,0.077831
2023-01-19,322,316959,0.10159
2023-01-20,256,298873,0.085655
2023-01-21,120,193080,0.06215
2023-01-22,33,174705,0.018889
2023-01-23,172,274233,0.06272
2023-01-24,190,301603,0.062997
2023-01-25,195,302883,0.064381
2023-01-26,252,302079,0.083422
2023-01-27,227,284523,0.079783
2023-01-28,79,189050,0.041788
2023-01-29,28,173510,0.016137
2023-01-30,185,285136,0.064881
2023-01-31,315,318363,0.098944
2023-02-01,348,327450,0.106276
2023-02-02,338,319333,0.105846
2023-02-03,191,299673,0.063736
2023-02-04,50,186889,0.026754
2023-02-05,41,168644,0.024312
2023-02-06,192,290263,0.066147
2023-02-07,250,310033,0.080637
2023-02-08,255,317887,0.080217
2023-02-09,283,318267,0.088919
2023-02-10,153,301177,0.050801
2023-02-11,50,186318,0.026836
2023-02-12,31,167956,0.018457
2023-02-13,183,285171,0.064172
2023-02-14,312,314457,0.099219
2023-02-15,294,312198,0.094171
2023-02-16,358,315298,0.113543
2023-02-17,281,302132,0.093006
2023-02-18,80,187706,0.04262
2023-02-19,46,169363,0.027161
2023-02-20,126,269768,0.046707
2023-02-21,208,298605,0.069657
2023-02-22,235,312263,0.075257
2023-02-23,400,309921,0.129065
2023-02-24,199,296070,0.067214
2023-02-25,62,188727,0.032852
2023-02-26,65,167176,0.038881
2023-02-27,228,276826,0.082362
2023-02-28,384,316974,0.121146
2023-03-01,285,321560,0.08863
2023-03-02,216,314858,0.068602
2023-03-03,257,298879,0.085988
2023-03-04,77,187888,0.040982
2023-03-05,35,171832,0.020369
2023-03-06,193,286181,0.06744
2023-03-07,247,317599,0.077771
2023-03-08,298,296557,0.100487
2023-03-09,247,313880,0.078692
2023-03-10,182,309433,0.058817
2023-03-11,94,190449,0.049357
2023-03-12,63,178272,0.035339
2023-03-13,201,301583,0.066648
2023-03-14,213,300704,0.070834
2023-03-15,258,319310,0.080799
2023-03-16,207,321815,0.064323
2023-03-17,184,300657,0.061199
2023-03-18,53,190804,0.027777
2023-03-19,29,173702,0.016695
2023-03-20,193,293350,0.065792
2023-03-21,231,282625,0.081734
2023-03-22,55,70536,0.077974
2023-03-24,73,114693,0.063648
2023-03-25,153,303358,0.050435
2023-03-26,96,275351,0.034865
2023-03-27,127,200122,0.063461
2023-03-28,110,161399,0.068154
2023-03-29,130,185071,0.070243
2023-03-30,112,198190,0.056511
2023-03-31,132,204585,0.064521
2023-04-01,41,124010,0.033062
2023-04-02,58,133210,0.04354
2023-04-03,94,159996,0.058751
2023-04-04,124,177020,0.070049
2023-04-05,143,174801,0.081807
2023-04-06,107,142578,0.075047
2023-04-07,83,155735,0.053296
2023-04-08,78,130472,0.059783
2023-04-09,20,102382,0.019535
2023-04-10,122,180359,0.067643
2023-04-11,128,175407,0.072973
2023-04-12,154,181297,0.084943
2023-04-13,151,207376,0.072815
2023-04-14,106,154674,0.068531
2023-04-15,47,130206,0.036097
2023-04-16,28,99152,0.028239
2023-04-17,131,181639,0.072121
2023-04-18,90,158147,0.056909
2023-04-19,167,158844,0.105135
2023-04-20,103,173833,0.059252
2023-04-21,98,150746,0.06501
2023-04-22,38,143815,0.026423
2023-04-23,28,115998,0.024138
2023-04-24,118,191834,0.061512
2023-04-25,131,208250,0.062905
2023-04-26,143,246855,0.057929
2023-04-27,195,217849,0.089512
2023-04-28,128,182743,0.070044
2023-04-29,70,190655,0.036716
2023-04-30,51,135077,0.037756
2023-05-01,83,123206,0.067367
2023-05-02,171,222971,0.076692
2023-05-03,206,214717,0.09594
2023-05-04,128,158442,0.080787
2023-05-05,143,225937,0.063292
2023-05-06,32,118826,0.02693
2023-05-07,28,139368,0.020091
2023-05-08,75,159481,0.047028
2023-05-09,134,175039,0.076554
2023-05-10,150,204332,0.07341
2023-05-11,172,229854,0.07483
2023-05-12,130,229639,0.056611
2023-05-13,48,181160,0.026496
2023-05-14,43,155909,0.02758
2023-05-15,115,182377,0.063056
2023-05-16,132,182404,0.072367
2023-05-17,139,251305,0.055311
2023-05-18,199,239021,0.083256
2023-05-19,91,199360,0.045646
2023-05-20,57,121525,0.046904
2023-05-21,56,162368,0.03449
2023-05-22,231,170934,0.13514
2023-05-23,158,188497,0.083821
2023-05-24,211,198932,0.106066
2023-05-25,249,188604,0.132023
2023-05-26,185,220047,0.084073
2023-05-27,43,111903,0.038426
2023-05-28,39,145487,0.026807
2023-05-29,136,184271,0.073804
2023-05-30,180,227955,0.078963
2023-05-31,159,206794,0.076888
2023-06-01,118,198164,0.059547
2023-06-02,86,172863,0.04975
2023-06-03,130,154690,0.084039
2023-06-04,55,108042,0.050906
2023-06-05,91,191281,0.047574
2023-06-06,246,184942,0.133015
2023-06-07,122,172887,0.070566
2023-06-08,136,219702,0.061902
2023-06-09,82,198525,0.041305
2023-06-10,28,130169,0.02151
2023-06-11,23,130689,0.017599
2023-06-12,103,196856,0.052323
2023-06-13,205,228058,0.089889
2023-06-14,203,176548,0.114983
2023-06-15,172,239043,0.071954
2023-06-16,112,190866,0.05868
2023-06-17,67,184671,0.036281
2023-06-18,47,141469,0.033223
2023-06-19,104,215961,0.048157
2023-06-20,189,248094,0.076181
2023-06-21,148,191505,0.077283
2023-06-22,183,217436,0.084163
2023-06-23,130,164286,0.07913
2023-06-24,65,150571,0.043169
2023-06-25,32,115605,0.02768
2023-06-26,109,186551,0.058429
2023-06-27,142,205058,0.069249
2023-06-28,128,156133,0.081981
2023-06-29,139,173541,0.080096
2023-06-30,87,137220,0.063402
2023-07-01,43,105350,0.040816
2023-07-02,23,113633,0.020241
2023-07-03,66,152277,0.043342
2023-07-04,77,170177,0.045247
2023-07-05,101,204654,0.049352
2023-07-06,107,169344,0.063185
2023-07-07,95,169874,0.055924
2023-07-08,40,121211,0.033
2023-07-09,28,105312,0.026588
2023-07-10,86,121427,0.070824
2023-07-11,131,180749,0.072476
2023-07-12,150,221146,0.067828
2023-07-13,124,201517,0.061533
2023-07-14,129,250255,0.051547
2023-07-15,48,150412,0.031912
2023-07-16,30,129567,0.023154
2023-07-17,110,168993,0.065091
2023-07-18,136,215063,0.063237
2023-07-19,110,168726,0.065194
2023-07-20,183,234158,0.078152
2023-07-21,89,153281,0.058063
2023-07-22,44,119347,0.036867
2023-07-23,43,134265,0.032026
2023-07-24,93,178910,0.051981
2023-07-25,110,162431,0.067721
2023-07-26,171,184012,0.092929
2023-07-27,166,193166,0.085936
2023-07-28,172,177866,0.096702
2023-07-29,61,114536,0.053258
2023-07-30,62,131652,0.047094
2023-07-31,77,170551,0.045148
2023-08-01,138,160689,0.08588
2023-08-02,159,163431,0.097289
2023-08-03,136,171686,0.079214
2023-08-04,123,188801,0.065148
2023-08-05,96,118097,0.081289
2023-08-06,61,128373,0.047518
2023-08-07,100,152833,0.065431
2023-08-08,139,159650,0.087065
2023-08-09,119,200807,0.059261
2023-08-10,135,165572,0.081536
2023-08-11,62,119826,0.051742
2023-08-12,43,136369,0.031532
2023-08-13,45,139259,0.032314
2023-08-14,109,180452,0.060404
2023-08-15,170,206681,0.082252
2023-08-16,98,156746,0.062522
2023-08-17,100,176620,0.056619
2023-08-18,88,172620,0.050979
2023-08-19,75,128668,0.05829
2023-08-20,46,106747,0.043093
2023-08-21,76,137610,0.055229
2023-08-22,179,188326,0.095048
2023-08-23,157,183569,0.085526
2023-08-24,231,201967,0.114375
2023-08-25,177,239086,0.074032
2023-08-26,39,135192,0.028848
2023-08-27,46,109762,0.041909
2023-08-28,147,177593,0.082774
2023-08-29,195,194634,0.100188
2023-08-30,124,202820,0.061138
2023-08-31,132,215682,0.061201
2023-09-01,124,178650,0.069409
2023-09-02,40,135276,0.029569
2023-09-03,61,133756,0.045605
2023-09-04,75,174166,0.043062
2023-09-05,117,132026,0.088619
2023-09-06,130,211743,0.061395
2023-09-07,129,207516,0.062164
2023-09-08,125,175239,0.071331
2023-09-09,115,140091,0.082089
2023-09-10,37,102947,0.035941
2023-09-11,165,222270,0.074234
2023-09-12,192,236057,0.081336
2023-09-13,97,161821,0.059943
2023-09-14,142,179699,0.079021
2023-09-15,121,182186,0.066416
2023-09-16,83,144765,0.057334
2023-09-17,88,163555,0.053805
2023-09-18,173,181688,0.095218
2023-09-19,115,167576,0.068626
2023-09-20,175,190494,0.091866
2023-09-21,113,171085,0.066049
2023-09-22,78,178163,0.04378
2023-09-23,51,124795,0.040867
2023-09-24,63,142852,0.044102
2023-09-25,148,173426,0.085339
2023-09-26,178,182311,0.097635
2023-09-27,147,154549,0.095115
2023-09-28,151,199824,0.075566
2023-09-29,96,160465,0.059826
2023-09-30,62,149281,0.041532
2023-10-01,62,135610,0.045719
2023-10-02,98,154452,0.06345
2023-10-03,139,171328,0.081131
2023-10-04,125,186699,0.066953
2023-10-05,160,216375,0.073946
2023-10-06,108,173083,0.062398
2023-10-07,25,91076,0.02745
2023-10-08,33,91899,0.035909
2023-10-09,61,115533,0.052799
2023-10-10,127,126608,0.10031
2023-10-11,107,130540,0.081967
2023-10-12,161,169262,0.095119
2023-10-13,100,146885,0.06808
2023-10-14,37,95863,0.038597
2023-10-15,23,78624,0.029253
2023-10-16,80,132815,0.060234
2023-10-17,134,187328,0.071532
2023-10-18,152,169905,0.089462
2023-10-19,104,176409,0.058954
2023-10-20,60,114128,0.052573
2023-10-21,45,119189,0.037755
2023-10-22,20,84977,0.023536
2023-10-23,107,158369,0.067564
2023-10-24,144,177655,0.081056
2023-10-25,203,215109,0.094371
2023-10-26,168,170559,0.0985
2023-10-27,155,170450,0.090936
2023-10-28,63,146274,0.04307
2023-10-29,46,110515,0.041623
2023-10-30,72,129977,0.055394
2023-10-31,122,169323,0.072052
2023-11-01,122,147785,0.082552
2023-11-02,166,166904,0.099458
2023-11-03,85,152405,0.055772
2023-11-04,44,101032,0.043551
2023-11-05,40,127561,0.031358
2023-11-06,94,155960,0.060272
2023-11-07,198,170213,0.116325
2023-11-08,142,149959,0.094693
2023-11-09,143,209336,0.068311
2023-11-10,132,200923,0.065697
2023-11-11,57,115041,0.049548
2023-11-12,28,93017,0.030102
2023-11-13,101,133433,0.075693
2023-11-14,130,186310,0.069776
2023-11-15,93,140627,0.066132
2023-11-16,140,129541,0.108074
2023-11-17,115,189962,0.060538
2023-11-18,42,125998,0.033334
2023-11-19,36,124886,0.028826
2023-11-20,77,134001,0.057462
2023-11-21,149,198767,0.074962
2023-11-22,170,176058,0.096559
2023-11-23,73,172245,0.042381
2023-11-24,56,180849,0.030965
2023-11-25,31,133930,0.023146
2023-11-26,47,110676,0.042466
2023-11-27,112,164316,0.068161
2023-11-28,191,223500,0.085459
2023-11-29,124,184122,0.067347
2023-11-30,145,194331,0.074615
2023-12-01,114,151027,0.075483
2023-12-02,30,120770,0.024841
2023-12-03,48,133714,0.035898
2023-12-04,107,157134,0.068095
2023-12-05,85,169039,0.050284
2023-12-06,172,186015,0.092466
2023-12-07,188,196748,0.095554
2023-12-08,201,215467,0.093286
2023-12-09,62,116866,0.053052
2023-12-10,43,103600,0.041506
2023-12-11,55,124992,0.044003
2023-12-12,170,219548,0.077432
2023-12-13,144,218833,0.065804
2023-12-14,128,160802,0.079601
2023-12-15,95,156187,0.060825
2023-12-16,53,121961,0.043457
2023-12-17,64,151582,0.042221
2023-12-18,66,141168,0.046753
2023-12-19,200,214015,0.093451
2023-12-20,153,178715,0.085611
2023-12-21,104,155154,0.06703
2023-12-22,112,183833,0.060925
2023-12-23,84,156584,0.053645
2023-12-24,30,108256,0.027712
2023-12-25,30,67702,0.044312
2023-12-26,108,156946,0.068813
2023-12-27,91,174484,0.052154
2023-12-28,87,157864,0.055111
2023-12-29,65,157500,0.04127
2023-12-30,39,111724,0.034907
2023-12-31,58,129642,0.044739
2024-01-01,25,89190,0.02803
2024-01-02,47,113699,0.041337
2024-01-03,147,140100,0.104925
2024-01-04,119,171729,0.069295
2024-01-05,91,159932,0.056899
2024-01-06,57,138110,0.041271
2024-01-07,39,119268,0.032699
2024-01-08,102,145645,0.070033
2024-01-09,147,177323,0.0829
2024-01-10,98,166167,0.058977
2024-01-11,113,195500,0.057801
2024-01-12,77,172514,0.044634
2024-01-13,51,147067,0.034678
2024-01-14,60,111874,0.053632
2024-01-15,62,138847,0.044653
2024-01-16,104,139504,0.07455
2024-01-17,137,187584,0.073034
2024-01-18,100,123453,0.081002
2024-01-19,67,129124,0.051888
2024-01-20,38,117394,0.03237
2024-01-21,32,85576,0.037394
2024-01-22,72,130299,0.055258
2024-01-23,70,119743,0.058459
2024-01-24,106,133013,0.079691
2024-01-25,207,188441,0.109849
2024-01-26,173,197000,0.087817
2024-01-27,90,162317,0.055447
2024-01-28,46,107314,0.042865
2024-01-29,128,144438,0.088619
2024-01-30,178,193756,0.091868
2024-01-31,184,187171,0.098306
2024-02-01,148,170741,0.086681
2024-02-02,142,169964,0.083547
2024-02-03,51,132987,0.03835
2024-02-04,76,138854,0.054734
2024-02-05,91,143659,0.063344
2024-02-06,200,194393,0.102884
2024-02-07,134,159546,0.083988
2024-02-08,154,183884,0.083748
2024-02-09,162,201755,0.080295
2024-02-10,57,117498,0.048511
2024-02-11,68,115592,0.058828
2024-02-12,103,164793,0.062503
2024-02-13,113,139338,0.081098
2024-02-14,164,189036,0.086756
2024-02-15,204,225807,0.090343
2024-02-16,212,220300,0.096232
2024-02-17,83,146161,0.056787
2024-02-18,70,129679,0.053979
2024-02-19,86,169937,0.050607
2024-02-20,150,211561,0.070902
2024-02-21,192,200552,0.095736
2024-02-22,263,198098,0.132763
2024-02-23,98,105832,0.0926
2024-02-24,130,161543,0.080474
2024-02-25,65,150623,0.043154
2024-02-26,144,138508,0.103965
2024-02-27,141,150279,0.093825
2024-02-28,215,206743,0.103994
2024-02-29,187,200452,0.093289
2024-03-01,155,187716,0.082572
2024-03-02,92,144391,0.063716
2024-03-03,148,131509,0.11254
2024-03-04,152,184811,0.082246
2024-03-05,178,190856,0.093264
2024-03-06,212,193126,0.109773
2024-03-07,243,186762,0.130112
2024-03-08,126,160527,0.078491
2024-03-09,104,170167,0.061116
2024-03-10,70,170218,0.041124
2024-03-11,197,198731,0.099129
2024-03-12,112,170229,0.065794
2024-03-13,146,171085,0.085338
2024-03-14,136,162980,0.083446
2024-03-15,133,160201,0.083021
2024-03-16,96,137076,0.070034
2024-03-17,101,161071,0.062705
2024-03-18,186,175371,0.106061
2024-03-19,217,175743,0.123476
2024-03-20,249,210514,0.118282
2024-03-21,196,185451,0.105688
2024-03-22,104,165658,0.06278
2024-03-23,80,145095,0.055136
2024-03-24,66,123510,0.053437
2024-03-25,176,177504,0.099153
2024-03-26,178,177318,0.100385
2024-03-27,159,177554,0.08955
2024-03-28,200,192006,0.104163
2024-03-29,190,190037,0.099981
2024-03-30,117,160171,0.073047
2024-03-31,123,112476,0.109357
2024-04-01,263,179197,0.146766
2024-04-02,224,172285,0.130017
2024-04-03,167,202407,0.082507
2024-04-04,147,216408,0.067927
2024-04-05,138,190455,0.072458
2024-04-06,86,175582,0.04898
2024-04-07,110,147984,0.074332
2024-04-08,180,211851,0.084965
2024-04-09,216,177471,0.12171
2024-04-10,152,169668,0.089587
2024-04-11,185,213093,0.086817
2024-04-12,133,187191,0.07105
2024-04-13,85,159360,0.053338
2024-04-14,60,129714,0.046256
2024-04-15,122,169485,0.071983
2024-04-16,172,201421,0.085393
2024-04-17,152,166613,0.091229
2024-04-18,232,202250,0.11471
2024-04-19,113,161605,0.069924
2024-04-20,93,156319,0.059494
2024-04-21,55,114106,0.048201
2024-04-22,160,179557,0.089108
2024-04-23,132,171217,0.077095
2024-04-24,187,188471,0.09922
2024-04-25,253,188895,0.133937
2024-04-26,207,172376,0.120086
2024-04-27,91,153287,0.059366
2024-04-28,59,106130,0.055592
2024-04-29,196,165371,0.118521
2024-04-30,268,180860,0.148181
2024-05-01,154,106687,0.144347
2024-05-02,213,160421,0.132776
2024-05-03,146,125042,0.116761
2024-05-04,129,148807,0.086689
2024-05-05,68,104511,0.065065
2024-05-06,86,124470,0.069093
2024-05-07,263,186112,0.141313
2024-05-08,268,151518,0.176877
2024-05-09,247,164963,0.149731
2024-05-10,178,133533,0.1333
2024-05-11,85,135497,0.062732
2024-05-12,69,118000,0.058475
2024-05-13,145,144350,0.10045
2024-05-14,195,190244,0.1025
2024-05-15,187,182168,0.102652
2024-05-16,167,181943,0.091787
2024-05-17,142,163695,0.086747
2024-05-18,82,145343,0.056418
2024-05-19,41,116596,0.035164
2024-05-20,149,161508,0.092255
2024-05-21,172,153208,0.112266
2024-05-22,224,188956,0.118546
2024-05-23,339,219577,0.154388
2024-05-24,119,131007,0.090835
2024-05-25,64,122656,0.052178
2024-05-26,126,128158,0.098316
2024-05-27,125,193092,0.064736
2024-05-28,192,196673,0.097624
2024-05-29,150,170678,0.087885
2024-05-30,285,210164,0.135608
2024-05-31,198,207963,0.095209
2024-06-01,102,156486,0.065182
2024-06-02,140,138518,0.10107
2024-06-03,232,188558,0.123039
2024-06-04,263,166875,0.157603
2024-06-05,227,200349,0.113302
2024-06-06,188,208943,0.089977
2024-06-07,193,231597,0.083334
2024-06-08,142,158057,0.089841
2024-06-09,94,142147,0.066129
2024-06-10,272,167634,0.162258
2024-06-11,475,204509,0.232264
2024-06-12,166,136133,0.12194
2024-06-13,242,197821,0.122333
2024-06-14,143,165027,0.086652
2024-06-15,101,159259,0.063419
2024-06-16,74,120864,0.061226
2024-06-17,106,119322,0.088835
2024-06-18,219,213094,0.102772
2024-06-19,279,231003,0.120778
2024-06-20,210,190574,0.110193
2024-06-21,145,149776,0.096811
2024-06-22,103,131907,0.078085
2024-06-23,68,112752,0.060309
2024-06-24,161,163971,0.098188
2024-06-25,175,160539,0.109008
2024-06-26,194,201405,0.096323
2024-06-27,255,226072,0.112796
2024-06-28,224,206227,0.108618
2024-06-29,122,157556,0.077433
2024-06-30,81,141539,0.057228
2024-07-01,168,160604,0.104605
2024-07-02,211,179768,0.117374
2024-07-03,188,177855,0.105704
2024-07-04,167,193278,0.086404
2024-07-05,164,199750,0.082103
2024-07-06,93,157083,0.059204
2024-07-07,83,130927,0.063394
2024-07-08,95,147898,0.064233
2024-07-09,125,152804,0.081804
2024-07-10,213,215933,0.098642
2024-07-11,221,205430,0.107579
2024-07-12,241,198313,0.121525
2024-07-13,97,132717,0.073088
2024-07-14,73,140079,0.052113
2024-07-15,148,191877,0.077133
2024-07-16,173,182588,0.094749
2024-07-17,195,184270,0.105823
2024-07-18,202,182116,0.110918
2024-07-19,235,184219,0.127566
2024-07-20,129,164644,0.078351
2024-07-21,81,150044,0.053984
2024-07-22,63,89543,0.070357
2024-07-23,201,190208,0.105674
2024-07-24,185,173006,0.106933
2024-07-25,158,144518,0.109329
2024-07-26,150,165640,0.090558
2024-07-27,86,122465,0.070224
2024-07-28,85,95008,0.089466
2024-07-29,139,162348,0.085619
2024-07-30,230,190973,0.120436
2024-07-31,268,198619,0.134932
2024-08-01,228,189920,0.120051
2024-08-02,220,178894,0.122978
2024-08-03,73,140406,0.051992
2024-08-04,66,110426,0.059769
2024-08-05,64,79248,0.080759
2024-08-06,216,149617,0.144369
2024-08-07,193,170721,0.11305
2024-08-08,145,165274,0.087733
2024-08-09,142,166906,0.085078
2024-08-10,84,118279,0.071019
2024-08-11,45,89140,0.050482
2024-08-12,86,136137,0.063172
2024-08-13,212,185310,0.114403
2024-08-14,242,199813,0.121113
2024-08-15,162,179147,0.090429
2024-08-16,109,128548,0.084793
2024-08-17,100,138475,0.072215
2024-08-18,73,136961,0.0533
2024-08-19,147,160250,0.091732
2024-08-20,143,104431,0.136933
2024-08-21,166,194803,0.085214
2024-08-22,189,197770,0.095566
2024-08-23,98,157712,0.062139
2024-08-24,81,156573,0.051733
2024-08-25,84,129669,0.06478
2024-08-26,141,167063,0.084399
2024-08-27,210,198998,0.105529
2024-08-28,267,178875,0.149266
2024-08-29,323,186736,0.172971
2024-08-30,188,179304,0.10485
2024-08-31,84,111009,0.07567
2024-09-01,92,116407,0.079033
2024-09-02,156,209420,0.074491
2024-09-03,188,206592,0.091001
2024-09-04,203,199483,0.101763
2024-09-05,181,180598,0.100223
2024-09-06,166,190187,0.087283
2024-09-07,96,125417,0.076545
2024-09-08,122,130729,0.093323
2024-09-09,235,163112,0.144073
2024-09-10,281,238194,0.117971
2024-09-11,213,179121,0.118914
2024-09-12,208,168826,0.123204
2024-09-13,210,205431,0.102224
2024-09-14,132,152195,0.086731
2024-09-15,83,124319,0.066764
2024-09-16,106,132386,0.080069
2024-09-17,205,163393,0.125464
2024-09-18,238,221249,0.107571
2024-09-19,152,188977,0.080433
2024-09-20,470,224012,0.20981
2024-09-21,195,148285,0.131504
2024-09-22,116,146046,0.079427
2024-09-23,269,195587,0.137535
2024-09-24,253,206128,0.122739
2024-09-25,250,192030,0.130188
2024-09-26,168,167629,0.100221
2024-09-27,148,158144,0.093586
2024-09-28,59,145281,0.040611
2024-09-29,102,151914,0.067143
2024-09-30,159,173071,0.09187
2024-10-01,160,175072,0.091391
2024-10-02,209,179072,0.116713
2024-10-03,203,166406,0.121991
2024-10-04,214,195619,0.109396
2024-10-05,90,141577,0.06357
2024-10-06,81,102314,0.079168
2024-10-07,137,177340,0.077253
2024-10-08,166,175297,0.094696
2024-10-09,101,132262,0.076364
2024-10-10,164,182778,0.089726
2024-10-11,146,169743,0.086012
2024-10-12,105,145992,0.071922
2024-10-13,129,138674,0.093024
2024-10-14,147,148714,0.098847
2024-10-15,266,194160,0.137
2024-10-16,341,196216,0.173788
2024-10-17,326,199972,0.163023
2024-10-18,181,138084,0.13108
2024-10-19,108,103200,0.104651
2024-10-20,99,118865,0.083288
2024-10-21,154,173511,0.088755
2024-10-22,175,166549,0.105074
2024-10-23,186,189632,0.098085
2024-10-24,201,170851,0.117646
2024-10-25,131,175678,0.074568
2024-10-26,73,123994,0.058874
2024-10-27,103,131380,0.078399
2024-10-28,161,187408,0.085909
2024-10-29,194,178315,0.108796
2024-10-30,182,140337,0.129688
2024-10-31,252,179010,0.140774
2024-11-01,230,166175,0.138408
2024-11-02,82,103170,0.07948
2024-11-03,98,147260,0.066549
2024-11-04,229,182741,0.125314
2024-11-05,218,196357,0.111022
2024-11-06,138,160310,0.086083
2024-11-07,168,163802,0.102563
2024-11-08,140,173030,0.080911
2024-11-09,110,124030,0.088688
2024-11-10,63,132910,0.0474
2024-11-11,146,179904,0.081154
2024-11-12,215,210850,0.101968
2024-11-13,249,171514,0.145178
2024-11-14,233,175538,0.132735
2024-11-15,165,162652,0.101444
2024-11-16,68,81623,0.08331
2024-11-17,60,99461,0.060325
2024-11-18,184,174715,0.105314
2024-11-19,222,156682,0.141688
2024-11-20,295,210518,0.140131
2024-11-21,289,203099,0.142295
2024-11-22,197,192266,0.102462
2024-11-23,108,146949,0.073495
2024-11-24,78,109499,0.071234
2024-11-25,125,144135,0.086724
2024-11-26,188,207610,0.090554
2024-11-27,176,213391,0.082478
2024-11-28,139,212238,0.065493
2024-11-29,151,176134,0.08573
2024-11-30,90,128377,0.070106
2024-12-01,90,130167,0.069142
2024-12-02,216,161424,0.133809
2024-12-03,209,207756,0.100599
2024-12-04,265,194927,0.135948
2024-12-05,292,212019,0.137724
2024-12-06,181,167484,0.10807
2024-12-07,76,127697,0.059516
2024-12-08,50,116570,0.042893
2024-12-09,267,176466,0.151304
2024-12-10,237,191851,0.123533
2024-12-11,181,170161,0.10637
2024-12-12,216,184790,0.116889
2024-12-13,180,192184,0.09366
2024-12-14,74,142091,0.052079
2024-12-15,51,116943,0.043611
2024-12-16,149,169765,0.087768
2024-12-17,226,197280,0.114558
2024-12-18,285,240538,0.118484
2024-12-19,199,190728,0.104337
2024-12-20,167,170707,0.097828
2024-12-21,62,107483,0.057684
2024-12-22,61,97987,0.062253
2024-12-23,131,169788,0.077155
2024-12-24,89,132293,0.067275
2024-12-25,59,88278,0.066834
2024-12-26,114,142705,0.079885
2024-12-27,141,158638,0.088882
2024-12-28,60,107098,0.056023
2024-12-29,59,83258,0.070864
2024-12-30,80,124712,0.064148
2024-12-31,145,196478,0.0738
2025-01-01,72,110544,0.065132
2025-01-02,145,166479,0.087098
2025-01-03,148,172746,0.085675
2025-01-04,65,102004,0.063723
2025-01-05,42,90987,0.04616
2025-01-06,179,159758,0.112044
2025-01-07,428,150772,0.283872
2025-01-08,358,177479,0.201714
2025-01-09,206,181403,0.113559
2025-01-10,190,155374,0.122286
2025-01-11,86,109738,0.078368
2025-01-12,66,70901,0.093088
2025-01-13,228,131607,0.173243
2025-01-14,198,127172,0.155695
2025-01-15,235,150299,0.156355
2025-01-16,161,138396,0.116333
2025-01-17,229,155773,0.147009
2025-01-18,156,128684,0.121227
2025-01-19,79,110387,0.071566
2025-01-20,238,187476,0.12695
2025-01-21,344,212622,0.161789
2025-01-22,584,187993,0.31065
2025-01-23,442,195938,0.225582
2025-01-24,473,189463,0.249653
2025-01-25,192,110440,0.17385
2025-01-26,118,102184,0.115478
2025-01-27,316,138628,0.227948
2025-01-28,502,190351,0.263723
2025-01-29,363,168274,0.21572
2025-01-30,331,157324,0.210394
2025-01-31,259,167534,0.154595
2025-02-01,160,92039,0.173839
2025-02-02,97,110377,0.087881
2025-02-03,205,186101,0.110155
2025-02-04,273,162139,0.168374
2025-02-05,346,186388,0.185634
2025-02-06,345,202216,0.17061
2025-02-07,274,158384,0.172997
2025-02-08,157,132743,0.118274
2025-02-09,101,115863,0.087172
2025-02-10,207,140672,0.147151
2025-02-11,256,182701,0.14012
2025-02-12,227,185809,0.122168
2025-02-13,148,118550,0.124842
2025-02-14,227,161128,0.140882
2025-02-15,114,138021,0.082596
2025-02-16,84,127452,0.065907
2025-02-17,130,139350,0.09329
2025-02-18,181,153238,0.118117
2025-02-19,241,199733,0.120661
2025-02-20,284,205029,0.138517
2025-02-21,234,174412,0.134165
2025-02-22,193,107777,0.179073
2025-02-23,88,116624,0.075456
2025-02-24,227,135066,0.168066
2025-02-25,291,182279,0.159645
2025-02-26,328,182552,0.179675
2025-02-27,284,172936,0.164223
2025-02-28,255,161894,0.15751
2025-03-01,121,131626,0.091927
2025-03-02,73,131604,0.055469
2025-03-03,254,172234,0.147474
2025-03-04,235,159421,0.147408
2025-03-05,201,181208,0.110922
2025-03-06,241,187926,0.128242
2025-03-07,163,166003,0.098191
2025-03-08,97,109079,0.088926
2025-03-09,101,119609,0.084442
2025-03-10,176,129782,0.135612
2025-03-11,251,171286,0.146539
2025-03-12,325,213354,0.152329
2025-03-13,264,163234,0.161731
2025-03-14,123,143512,0.085707
2025-03-15,79,150245,0.052581
2025-03-16,81,112469,0.07202
2025-03-17,158,160620,0.098369
2025-03-18,214,147941,0.144652
2025-03-19,230,149691,0.15365
2025-03-20,238,197273,0.120645
2025-03-21,192,172522,0.11129
2025-03-22,133,149284,0.089092
2025-03-23,86,104219,0.082519
2025-03-24,141,153599,0.091797
2025-03-25,317,204855,0.154744
2025-03-26,224,185704,0.120622
2025-03-27,258,193692,0.133201
2025-03-28,278,191047,0.145514
2025-03-29,217,134699,0.1611
2025-03-30,98,86924,0.112742
2025-03-31,247,172293,0.14336
2025-04-01,205,172861,0.118592
2025-04-02,251,188793,0.13295
2025-04-03,317,221947,0.142827
2025-04-04,281,185299,0.151647
2025-04-05,139,147776,0.094061
2025-04-06,89,118945,0.074824
2025-04-07,108,137322,0.078647
2025-04-08,314,175789,0.178623
2025-04-09,395,201814,0.195725
2025-04-10,297,189314,0.156882
2025-04-11,229,166352,0.13766
2025-04-12,167,176536,0.094598
2025-04-13,153,115680,0.132261
2025-04-14,204,127257,0.160306
2025-04-15,233,177031,0.131615
2025-04-16,274,194439,0.140918
2025-04-17,235,196536,0.119571
2025-04-18,211,183104,0.115235
2025-04-19,73,114390,0.063817
2025-04-20,45,113903,0.039507
2025-04-21,163,143372,0.11369
2025-04-22,200,184415,0.108451
2025-04-23,238,165490,0.143815
2025-04-24,174,137983,0.126102
2025-04-25,210,183720,0.114304
2025-04-26,135,140252,0.096255
2025-04-27,77,115405,0.066722
2025-04-28,172,143480,0.119877
2025-04-29,208,194849,0.106749
2025-04-30,219,168980,0.129601
2025-05-01,369,173886,0.212208
2025-05-02,192,158770,0.12093
2025-05-03,53,89978,0.058903
2025-05-04,42,116129,0.036167
2025-05-05,139,168173,0.082653
2025-05-06,180,181052,0.099419
2025-05-07,375,243794,0.153818
2025-05-08,213,184921,0.115184
2025-05-09,221,170563,0.129571
2025-05-10,119,153500,0.077524
2025-05-11,69,114321,0.060356
2025-05-12,123,120174,0.102352
2025-05-13,271,176961,0.153141
2025-05-14,409,189461,0.215876
2025-05-15,308,186698,0.164972
2025-05-16,181,139790,0.12948
2025-05-17,74,97351,0.076014
2025-05-18,76,109054,0.06969
2025-05-19,202,131172,0.153996
2025-05-20,321,203626,0.157642
2025-05-21,217,193050,0.112406
2025-05-22,202,163960,0.123201
2025-05-23,337,193113,0.174509
2025-05-24,241,135120,0.17836
2025-05-25,98,120721,0.081179
2025-05-26,62,115182,0.053828
2025-05-27,165,144106,0.114499
2025-05-28,254,198963,0.127662
2025-05-29,264,186412,0.141622
2025-05-30,200,173524,0.115258
2025-05-31,86,88577,0.097091
2025-06-01,116,137294,0.08449
2025-06-02,234,198616,0.117815
2025-06-03,364,192617,0.188976
2025-06-04,365,192077,0.190028
2025-06-05,288,225902,0.127489
2025-06-06,262,199034,0.131636
2025-06-07,127,150814,0.08421
2025-06-08,74,113396,0.065258
2025-06-09,214,132479,0.161535
2025-06-10,319,191463,0.166612
2025-06-11,282,174563,0.161546
2025-06-12,142,115094,0.123377
2025-06-13,165,166299,0.099219
2025-06-14,90,107034,0.084085
2025-07-02,225,155637,0.144567
2025-07-03,238,176232,0.135049
2025-07-04,156,163782,0.095249
2025-07-05,61,124725,0.048908
2025-07-06,135,117366,0.115025
2025-07-07,299,181127,0.165078
2025-07-08,294,215932,0.136154
2025-07-09,204,153602,0.132811
2025-07-10,286,179256,0.159548
2025-07-11,239,192489,0.124163
2025-07-12,277,134530,0.205902
2025-07-13,118,111148,0.106165
2025-07-14,227,151275,0.150058
2025-07-15,489,197512,0.24758
2025-07-16,381,179820,0.211879
2025-07-17,361,172175,0.20967
2025-07-18,255,192508,0.132462
2025-07-19,94,139422,0.067421
2025-07-20,152,112395,0.135237
2025-07-21,207,150488,0.137552
2025-07-22,364,219541,0.1658
2025-07-23,405,186053,0.21768
2025-07-24,531,147475,0.360061
2025-07-25,432,173393,0.249145
2025-07-26,180,125044,0.143949
2025-07-27,149,135259,0.110159
2025-07-28,264,217959,0.121124
2025-07-29,359,195061,0.184045
2025-07-30,363,207214,0.175181
2025-07-31,407,181361,0.224414
2025-08-01,223,158170,0.140988
2025-08-02,139,131822,0.105445
2025-08-03,111,154538,0.071827
2025-08-04,154,149148,0.103253
2025-08-05,353,210338,0.167825
2025-08-06,267,170488,0.156609
2025-08-07,348,188475,0.18464
2025-08-08,307,168040,0.182695
2025-08-09,228,146005,0.156159
2025-08-10,86,110689,0.077695
2025-08-11,262,151520,0.172914
2025-08-12,209,184151,0.113494
2025-08-13,280,203624,0.137508
2025-08-14,281,183903,0.152798
2025-08-15,252,204862,0.12301
2025-08-16,165,143981,0.114598
2025-08-17,145,128327,0.112993
2025-08-18,189,165427,0.11425
2025-08-19,245,174623,0.140302
2025-08-20,263,176652,0.14888
2025-08-21,348,180322,0.192988
2025-08-22,358,182051,0.196648
2025-08-23,158,117052,0.134983
2025-08-24,107,132230,0.08092
2025-08-25,237,144338,0.164198
2025-08-26,328,184199,0.178068
2025-08-27,410,218753,0.187426
2025-08-28,333,178525,0.186528
2025-08-29,488,187618,0.260103
2025-08-30,119,135483,0.087834
2025-08-31,112,105263,0.1064
2025-09-01,118,117273,0.10062
2025-09-02,236,151577,0.155696
2025-09-03,175,127947,0.136775
2025-09-04,251,190882,0.131495
2025-09-05,363,192400,0.188669
2025-09-06,189,155749,0.121349
2025-09-07,79,115827,0.068205
2025-09-08,232,181958,0.127502
2025-09-09,343,201360,0.170342
2025-09-10,297,172778,0.171897
2025-09-11,344,151643,0.226849
2025-09-12,409,203527,0.200956
2025-09-13,229,136481,0.167789
2025-09-14,203,125364,0.161928
2025-09-15,219,190920,0.114708
2025-09-16,269,170731,0.157558
2025-09-17,273,156675,0.174246
2025-09-18,367,141354,0.259632
2025-09-19,452,194001,0.232988
2025-09-20,196,146366,0.133911
2025-09-21,111,144592,0.076768
2025-09-22,417,180695,0.230776
2025-09-23,531,208467,0.254717
2025-09-24,469,199136,0.235517
2025-09-25,457,198782,0.2299
2025-09-26,481,204867,0.234786
2025-09-27,238,149454,0.159246
2025-09-28,224,140840,0.159046
2025-09-29,245,160416,0.152728
2025-09-30,337,191942,0.175574
2025-10-01,205,134203,0.152754
2025-10-02,323,167839,0.192446
2025-10-03,329,155129,0.212082
2025-10-04,110,93026,0.118247
2025-10-05,117,98637,0.118617
2025-10-06,321,155385,0.206584
2025-10-07,343,160658,0.213497
2025-10-08,414,188586,0.219528
2025-10-09,373,199353,0.187105
2025-10-10,370,214290,0.172663
2025-10-11,169,133634,0.126465
2025-10-12,128,128616,0.099521
2025-10-13,355,179288,0.198005
2025-10-14,618,211408,0.292326
2025-10-15,300,131390,0.228328
2025-10-16,524,188672,0.277731
2025-10-17,315,190877,0.165028
2025-10-18,118,126870,0.093009
2025-10-19,150,131424,0.114134
2025-10-20,823,160448,0.512939
2025-10-21,411,196008,0.209685
2025-10-22,396,193794,0.204341
2025-10-23,451,230154,0.195956
2025-10-24,459,200385,0.229059
2025-10-25,185,172045,0.10753
2025-10-26,147,139916,0.105063
2025-10-27,293,149363,0.196166
2025-10-28,441,154965,0.28458
2025-10-29,601,186021,0.323082
2025-10-30,555,210826,0.26325
2025-10-31,337,163618,0.205968
2025-11-01,283,159705,0.177202
2025-11-02,120,122152,0.098238
2025-11-03,289,132496,0.21812
2025-11-04,438,179876,0.243501
2025-11-05,358,143915,0.248758
2025-11-06,522,204945,0.254702
2025-11-07,359,172637,0.207951
2025-11-08,264,151320,0.174465
2025-11-09,166,137748,0.12051
2025-11-10,267,120645,0.22131
2025-11-11,354,173808,0.203673
2025-11-12,570,205919,0.276808
2025-11-13,369,159637,0.231149
2025-11-14,439,197157,0.222665
2025-11-15,366,167820,0.218091
2025-11-16,285,159044,0.179196
2025-11-17,405,200469,0.202026
2025-11-18,586,204958,0.285912
2025-11-19,438,138388,0.316501
2025-11-20,582,180180,0.32301
2025-11-21,514,179273,0.286714
2025-11-22,279,154324,0.180788
2025-11-23,202,134268,0.150445
2025-11-24,389,189397,0.205389
2025-11-25,492,182677,0.269328
2025-11-26,375,183381,0.204492
2025-11-27,152,127071,0.119618
2025-11-28,364,190322,0.191255
2025-11-29,236,153375,0.153871
2025-11-30,198,147416,0.134314
2025-12-01,342,148794,0.229848
2025-12-02,456,193417,0.23576
2025-12-03,567,214441,0.264408
2025-12-04,353,155292,0.227314
2025-12-05,220,125203,0.175715
2025-12-06,4,494,0.809717
2025-12-07,168,140932,0.119206
2025-12-08,323,181068,0.178386
2025-12-09,342,159244,0.214765
2025-12-10,491,200873,0.244433
2025-12-11,384,155709,0.246614
2025-12-12,594,187120,0.317443
2025-12-13,325,135001,0.240739
2025-12-14,178,123899,0.143665
2025-12-15,364,182367,0.199598
2025-12-16,607,198144,0.306343
2025-12-17,690,228585,0.301857
2025-12-18,639,215046,0.297146
2025-12-19,517,200195,0.258248
2025-12-20,272,134563,0.202136
2025-12-21,242,148779,0.162657
2025-12-22,353,160488,0.219954
2025-12-23,445,219233,0.20298
2025-12-24,560,187761,0.298252
2025-12-25,202,140380,0.143895
2025-12-26,355,159916,0.221992
2025-12-27,220,137431,0.16008
2025-12-28,311,131303,0.236857
2025-12-29,366,176613,0.207233
2025-12-30,378,154614,0.24448
2025-12-31,346,177972,0.194413
2026-01-01,234,138144,0.169388
2026-01-02,414,164611,0.251502
2026-01-03,249,125367,0.198617
2026-01-04,129,126399,0.102058
2026-01-05,310,180929,0.171338
2026-01-06,378,137632,0.274645
2026-01-07,406,178364,0.227624
2026-01-08,367,187056,0.196198
2026-01-09,529,178962,0.295593
2026-01-10,322,162128,0.198609
2026-01-11,190,123113,0.15433
2026-01-12,258,155352,0.166074
2026-01-13,623,214908,0.289891
2026-01-14,481,192646,0.249681
2026-01-15,490,191755,0.255534
2026-01-16,513,154566,0.331897
2026-01-17,541,110343,0.490289
2026-01-18,407,102886,0.395583
2026-01-19,206,122748,0.167824
2026-01-20,415,175050,0.237075
2026-01-21,432,164792,0.262149
2026-01-22,474,171587,0.276245
2026-01-23,392,112203,0.349367
2026-01-24,245,131649,0.186101
2026-01-25,164,106612,0.153829
2026-01-26,321,165437,0.194032
2026-01-27,364,127190,0.286186
2026-01-28,461,155000,0.297419
2026-01-29,487,154974,0.314246
2026-01-30,356,135991,0.261782
2026-01-31,270,133068,0.202904
2026-02-01,228,112692,0.202321
2026-02-02,360,132188,0.272339
2026-02-03,418,121028,0.345375
2026-02-04,417,150526,0.277029
2026-02-05,503,128503,0.391431
2026-02-06,392,126875,0.308966
2026-02-07,352,137960,0.255146
2026-02-08,182,117891,0.15438
2026-02-09,395,155352,0.254261
2026-02-10,339,137013,0.247422
2026-02-11,390,144564,0.269777
2026-02-12,450,134229,0.335248
2026-02-13,417,122746,0.339726
2026-02-14,297,130793,0.227076
2026-02-15,233,119948,0.194251
2026-02-16,250,133195,0.187695
2026-02-17,331,122464,0.270284
2026-02-18,439,123086,0.356661
2026-02-19,478,133793,0.357268
2026-02-20,333,131330,0.25356
2026-02-21,315,119917,0.262682
2026-02-22,157,87513,0.179402
2026-02-23,283,116992,0.241897
2026-02-24,349,130728,0.266967
2026-02-25,790,128111,0.616653
2026-02-26,676,178580,0.378542
2026-02-27,388,131748,0.294502
2026-02-28,3,1949,0.153925
2026-03-01,183,124206,0.147336
2026-03-02,318,145797,0.218111
2026-03-03,744,160429,0.463757
2026-03-04,763,205498,0.371293
2026-03-05,560,149155,0.375448
2026-03-06,445,169339,0.262786
2026-03-07,168,122996,0.13659
2026-03-08,180,116506,0.154498
2026-03-09,334,159405,0.209529
2026-03-10,340,158369,0.214688
2026-03-11,475,178260,0.266465
2026-03-12,589,197426,0.29834
2026-03-13,391,152997,0.255561
2026-03-14,272,121101,0.224606
2026-03-15,160,104825,0.152635
2026-03-16,477,184090,0.259112
2026-03-17,568,193123,0.294113
2026-03-18,354,154792,0.228694
2026-03-19,418,139418,0.299818
2026-03-20,456,154240,0.295643
2026-03-21,161,101846,0.158082
2026-03-22,152,102595,0.148155
2026-03-23,296,142713,0.207409
2026-03-24,459,177582,0.258472
2026-03-25,511,175150,0.29175
2026-03-26,539,169843,0.317352
2026-03-27,443,133392,0.332104
2026-03-28,217,111533,0.194561
2026-03-29,177,108447,0.163213
2026-03-30,326,179195,0.181925
2026-03-31,412,149181,0.276175
2026-04-01,593,183327,0.323466
2026-04-02,413,151046,0.273427
2026-04-03,345,134715,0.256096
2026-04-04,245,113161,0.216506
2026-04-05,115,95970,0.119829
2026-04-06,300,123095,0.243714
2026-04-07,417,153024,0.272506
2026-04-08,344,145631,0.236213
2026-04-09,560,159118,0.35194
2026-04-10,367,141522,0.259324
2026-04-11,209,118284,0.176693
2026-04-12,127,96377,0.131774
2026-04-13,212,112099,0.189119
2026-04-14,502,178675,0.280957
2026-04-15,521,170162,0.306179
2026-04-16,559,182814,0.305775
2026-04-17,407,173900,0.234043
2026-04-18,263,105372,0.249592
2026-04-19,186,119636,0.155472
2026-04-20,355,155119,0.228857
2026-04-21,387,171556,0.225582
2026-04-22,583,191394,0.304607
2026-04-23,760,214966,0.353544
2026-04-24,685,186067,0.368147
2026-04-25,389,148214,0.262458
2026-04-26,202,107812,0.187363
2026-04-27,302,152094,0.198561
2026-04-28,407,137957,0.295019
2026-04-29,533,167483,0.318241
2026-04-30,630,176732,0.356472
2026-05-01,382,113729,0.335886
2026-05-02,474,132098,0.358825
2026-05-03,219,113438,0.193057
2026-05-04,409,131891,0.310105
2026-05-05,433,148873,0.290852
2026-05-06,783,180578,0.433608
2026-05-07,636,181028,0.351327
2026-05-08,501,167527,0.299056
2026-05-09,327,133316,0.245282
2026-05-10,225,111740,0.20136
2026-05-11,399,153737,0.259534
2026-05-12,484,160779,0.301034
2026-05-13,622,160831,0.386741
2026-05-14,532,157615,0.337531
2026-05-15,463,154400,0.29987
2026-05-16,340,146332,0.232348
2026-05-17,197,107365,0.183486
2026-05-18,371,99944,0.371208
2026-05-19,636,143055,0.444584
2026-05-20,566,148781,0.380425
2026-05-21,962,177762,0.541173
2026-05-22,569,179505,0.316983
2026-05-23,371,127762,0.290384
2026-05-24,144,100767,0.142904
2026-05-25,281,134886,0.208324
2026-05-26,455,153836,0.29577
2026-05-27,698,180240,0.387261
2026-05-28,749,187280,0.399936
2026-05-29,506,143525,0.352552
2026-05-30,248,92808,0.267218
2026-05-31,236,92667,0.254675
2026-06-01,651,159665,0.407729
2026-06-02,722,182921,0.394706
2026-06-03,776,176051,0.440781
2026-06-04,1059,214292,0.494186
2026-06-05,699,151823,0.460405
2026-06-06,357,102935,0.346821
2026-06-07,239,85935,0.278117
2026-06-08,527,161102,0.327122
2026-06-09,596,156115,0.38177
2026-06-10,834,165198,0.504849
2026-06-11,718,171408,0.418884
2026-06-12,811,160194,0.506261
2026-06-13,451,116895,0.385816
2026-06-14,159,77541,0.205053
2026-06-15,455,155787,0.292065
2026-06-16,578,146716,0.393958
2026-06-17,770,192921,0.399127
2026-06-18,646,171553,0.37656
2026-06-19,460,154648,0.29745
2026-06-20,229,87585,0.26146
2026-06-21,163,107210,0.152038
2026-06-22,520,163777,0.317505
2026-06-23,790,180322,0.438105
2026-06-24,673,151549,0.444081
2026-06-25,949,170512,0.556559
2026-06-26,576,135507,0.42507
2026-06-27,397,130871,0.303352
2026-06-28,193,65713,0.293701
2026-06-29,460,119684,0.384345
2026-06-30,357,116092,0.307515
