date,avg_tone
2022-01-01,0.4325
2022-01-02,0.0734
2022-01-03,0.8735
2022-01-04,1.8762
2022-01-05,2.1341
2022-01-06,1.7511
2022-01-07,0.8673
2022-01-08,0.3428
2022-01-09,1.7604
2022-01-10,1.6467
2022-01-11,1.4092
2022-01-12,1.4794
2022-01-13,2.0687
2022-01-14,0.9772
2022-01-15,0.3607
2022-01-16,1.1089
2022-01-17,1.1549
2022-01-18,1.2329
2022-01-19,1.6227
2022-01-20,1.6755
2022-01-21,0.0456
2022-01-22,0.4064
2022-01-23,0.661
2022-01-24,1.3625
2022-01-25,1.3821
2022-01-26,1.5069
2022-01-27,1.2629
2022-01-28,0.6424
2022-01-29,1.1712
2022-01-30,1.2428
2022-01-31,1.3771
2022-02-01,1.6291
2022-02-02,1.0772
2022-02-03,1.1106
2022-02-04,1.6517
2022-02-05,2.1176
2022-02-06,2.0491
2022-02-07,0.8628
2022-02-08,0.5072
2022-02-09,1.0709
2022-02-10,1.4796
2022-02-11,1.3434
2022-02-12,-0.1075
2022-02-13,0.2679
2022-02-14,1.3101
2022-02-15,1.3401
2022-02-16,1.4605
2022-02-17,1.4304
2022-02-18,0.7977
2022-02-19,1.4357
2022-02-20,1.9299
2022-02-21,1.4474
2022-02-22,1.708
2022-02-23,1.9412
2022-02-24,1.0638
2022-02-25,0.5847
2022-02-26,0.7613
2022-02-27,0.1257
2022-02-28,2.3511
2022-03-01,1.8196
2022-03-02,2.2042
2022-03-03,2.2184
2022-03-04,0.8051
2022-03-05,0.1841
2022-03-06,1.6606
2022-03-07,1.7028
2022-03-08,1.354
2022-03-09,1.7837
2022-03-10,1.2532
2022-03-11,1.2672
2022-03-12,0.9534
2022-03-13,-1.2444
2022-03-14,-1.3426
2022-03-15,1.5534
2022-03-16,1.3196
2022-03-17,1.4859
2022-03-18,1.322
2022-03-19,-0.2314
2022-03-20,-0.5367
2022-03-21,1.3852
2022-03-22,1.8366
2022-03-23,1.2195
2022-03-24,1.2644
2022-03-25,1.6071
2022-03-26,1.4246
2022-03-27,0.8791
2022-03-28,1.6713
2022-03-29,1.2956
2022-03-30,1.3843
2022-03-31,1.6722
2022-04-01,1.2617
2022-04-02,0.455
2022-04-03,0.5432
2022-04-04,1.7193
2022-04-05,1.6888
2022-04-06,1.3875
2022-04-07,1.5354
2022-04-08,1.0698
2022-04-09,1.4327
2022-04-10,1.2679
2022-04-11,1.1854
2022-04-12,1.687
2022-04-13,1.2471
2022-04-14,1.3445
2022-04-15,1.2531
2022-04-16,1.455
2022-04-17,1.1227
2022-04-18,1.688
2022-04-19,1.7466
2022-04-20,1.5992
2022-04-21,1.7622
2022-04-22,1.2805
2022-04-23,0.4675
2022-04-24,1.3729
2022-04-25,1.4286
2022-04-26,1.9133
2022-04-27,1.4929
2022-04-28,1.3428
2022-04-29,0.5697
2022-04-30,0.6486
2022-05-01,0.8524
2022-05-02,1.4234
2022-05-03,1.5668
2022-05-04,1.0381
2022-05-05,1.3314
2022-05-06,0.7155
2022-05-07,0.6301
2022-05-08,0.9136
2022-05-09,1.8163
2022-05-10,1.7751
2022-05-11,1.7712
2022-05-12,1.8291
2022-05-13,1.2378
2022-05-14,0.5909
2022-05-15,0.7309
2022-05-16,1.7364
2022-05-17,2.1425
2022-05-18,1.3669
2022-05-19,0.9756
2022-05-20,1.0786
2022-05-21,1.8921
2022-05-22,0.6383
2022-05-23,1.6534
2022-05-24,2.1018
2022-05-25,1.7214
2022-05-26,1.658
2022-05-27,1.6194
2022-05-28,1.209
2022-05-29,1.5782
2022-05-30,2.022
2022-05-31,1.5729
2022-06-01,1.6737
2022-06-02,1.4252
2022-06-03,0.492
2022-06-04,-0.706
2022-06-05,0.5883
2022-06-06,1.315
2022-06-07,1.8477
2022-06-08,1.6321
2022-06-09,1.7929
2022-06-10,1.3922
2022-06-11,0.8217
2022-06-12,1.5376
2022-06-13,1.6857
2022-06-14,2.0147
2022-06-15,1.6198
2022-06-16,1.4983
2022-06-17,0.1502
2022-06-18,-0.9412
2022-06-19,0.8529
2022-06-20,0.9353
2022-06-21,2.0454
2022-06-22,0.6328
2022-06-23,1.612
2022-06-24,1.7747
2022-06-25,1.6781
2022-06-26,1.331
2022-06-27,1.6349
2022-06-28,1.71
2022-06-29,1.3822
2022-06-30,0.5897
2022-07-01,1.0425
2022-07-02,0.8121
2022-07-03,0.1514
2022-07-04,0.8848
2022-07-05,1.3176
2022-07-06,1.6337
2022-07-07,0.9623
2022-07-08,0.8752
2022-07-09,-0.3421
2022-07-10,0.5507
2022-07-11,1.2334
2022-07-12,-0.1916
2022-07-13,1.6421
2022-07-14,1.0148
2022-07-15,1.1821
2022-07-16,1.3382
2022-07-17,0.9245
2022-07-18,1.2709
2022-07-19,1.3046
2022-07-20,0.1618
2022-07-21,0.8512
2022-07-22,1.134
2022-07-23,0.7777
2022-07-24,0.5742
2022-07-25,1.0052
2022-07-26,1.6088
2022-07-27,0.9355
2022-07-28,1.5265
2022-07-29,0.7243
2022-07-30,0.1377
2022-07-31,1.0266
2022-08-01,1.7152
2022-08-02,1.2344
2022-08-03,0.749
2022-08-04,1.4385
2022-08-05,1.2675
2022-08-06,0.9857
2022-08-07,1.0332
2022-08-08,0.8134
2022-08-09,0.2698
2022-08-10,0.6911
2022-08-11,1.3937
2022-08-12,0.853
2022-08-13,0.9697
2022-08-14,1.1017
2022-08-15,1.7413
2022-08-16,0.9998
2022-08-17,0.9933
2022-08-18,0.6232
2022-08-19,-0.5552
2022-08-20,0.8993
2022-08-21,-0.2117
2022-08-22,0.5332
2022-08-23,0.4977
2022-08-24,-1.3582
2022-08-25,0.5736
2022-08-26,0.4895
2022-08-27,0.6399
2022-08-28,0.4497
2022-08-29,1.3949
2022-08-30,0.7554
2022-08-31,1.0425
2022-09-01,1.1122
2022-09-02,1.1637
2022-09-03,1.4444
2022-09-04,1.9726
2022-09-05,1.5825
2022-09-06,1.4957
2022-09-07,0.8805
2022-09-08,1.2515
2022-09-09,1.5241
2022-09-10,1.6986
2022-09-11,0.5982
2022-09-12,1.1129
2022-09-13,0.6808
2022-09-14,1.6757
2022-09-15,0.466
2022-09-16,1.1278
2022-09-17,0.5058
2022-09-18,0.5945
2022-09-19,2.2108
2022-09-20,2.0576
2022-09-21,1.9979
2022-09-22,1.3515
2022-09-23,1.1501
2022-09-24,0.5794
2022-09-25,2.0516
2022-09-26,1.8925
2022-09-27,1.6798
2022-09-28,2.0222
2022-09-29,1.6017
2022-09-30,1.6359
2022-10-01,1.4217
2022-10-02,1.5011
2022-10-03,1.5199
2022-10-04,1.6428
2022-10-05,1.1312
2022-10-06,1.1823
2022-10-07,0.8881
2022-10-08,-0.6203
2022-10-09,1.3817
2022-10-10,0.5794
2022-10-11,2.0444
2022-10-12,1.7335
2022-10-13,1.5407
2022-10-14,1.6397
2022-10-15,0.672
2022-10-16,0.8999
2022-10-17,-0.5614
2022-10-18,1.3524
2022-10-19,1.3187
2022-10-20,1.4359
2022-10-21,0.9551
2022-10-22,0.3971
2022-10-23,0.6834
2022-10-24,0.5611
2022-10-25,1.5064
2022-10-26,1.2037
2022-10-27,0.3777
2022-10-28,0.4847
2022-10-29,0.3202
2022-10-30,1.2551
2022-10-31,1.1485
2022-11-01,1.2437
2022-11-02,0.2454
2022-11-03,1.2358
2022-11-04,-2.3598
2022-11-05,-4.2381
2022-11-06,0.4763
2022-11-07,1.134
2022-11-08,1.6556
2022-11-09,1.5957
2022-11-10,1.7148
2022-11-11,2.7302
2022-11-12,0.7985
2022-11-13,0.4812
2022-11-14,1.968
2022-11-15,2.052
2022-11-16,1.7042
2022-11-17,1.6001
2022-11-18,1.6616
2022-11-19,-3.3317
2022-11-20,1.0367
2022-11-21,1.2127
2022-11-22,1.1045
2022-11-23,1.6482
2022-11-24,1.3203
2022-11-25,0.9763
2022-11-26,0.4253
2022-11-27,0.8265
2022-11-28,1.1701
2022-11-29,1.7917
2022-11-30,1.9386
2022-12-01,1.9594
2022-12-02,1.6607
2022-12-03,1.1313
2022-12-04,0.3917
2022-12-05,1.4533
2022-12-06,1.4586
2022-12-07,1.935
2022-12-08,0.7387
2022-12-09,1.0663
2022-12-10,1.1328
2022-12-11,1.2225
2022-12-12,1.2722
2022-12-13,1.3479
2022-12-14,1.4084
2022-12-15,1.9332
2022-12-16,0.9099
2022-12-17,0.3044
2022-12-18,1.7263
2022-12-19,1.9001
2022-12-20,0.6558
2022-12-21,1.1337
2022-12-22,0.964
2022-12-23,0.7785
2022-12-24,-1.7325
2022-12-25,-0.5326
2022-12-26,-2.6558
2022-12-27,-2.6324
2022-12-28,0.5154
2022-12-29,0.4148
2022-12-30,0.0829
2022-12-31,0.0416
2023-01-01,-0.043
2023-01-02,0.034
2023-01-03,1.3932
2023-01-04,0.8321
2023-01-05,0.8147
2023-01-06,0.9463
2023-01-07,1.3076
2023-01-08,0.8851
2023-01-09,1.199
2023-01-10,1.6618
2023-01-11,1.588
2023-01-12,1.5976
2023-01-13,1.5062
2023-01-14,1.4407
2023-01-15,2.1513
2023-01-16,1.5575
2023-01-17,1.4537
2023-01-18,1.8489
2023-01-19,1.1452
2023-01-20,0.8968
2023-01-21,0.7676
2023-01-22,0.2317
2023-01-23,0.5403
2023-01-24,1.6366
2023-01-25,0.7348
2023-01-26,0.1778
2023-01-27,-0.5946
2023-01-28,-1.2148
2023-01-29,-0.0549
2023-01-30,1.5378
2023-01-31,1.2813
2023-02-01,0.8813
2023-02-02,1.1106
2023-02-03,0.9926
2023-02-04,0.9655
2023-02-05,1.2488
2023-02-06,1.5673
2023-02-07,1.6778
2023-02-08,1.2888
2023-02-09,1.6582
2023-02-10,1.435
2023-02-11,2.0106
2023-02-12,1.411
2023-02-13,1.0909
2023-02-14,1.0893
2023-02-15,0.546
2023-02-16,0.5469
2023-02-17,0.5099
2023-02-18,0.7241
2023-02-19,-0.0165
2023-02-20,0.6786
2023-02-21,1.2239
2023-02-22,1.0365
2023-02-23,0.4388
2023-02-24,0.7954
2023-02-25,-0.5792
2023-02-26,2.2328
2023-02-27,1.8499
2023-02-28,0.9369
2023-03-01,2.0047
2023-03-02,1.6278
2023-03-03,1.5855
2023-03-04,0.2051
2023-03-05,1.181
2023-03-06,1.184
2023-03-07,1.7891
2023-03-08,0.7732
2023-03-09,1.7922
2023-03-10,0.7009
2023-03-11,-0.6733
2023-03-12,-1.0666
2023-03-13,1.8286
2023-03-14,1.9056
2023-03-15,1.5371
2023-03-16,1.3316
2023-03-17,0.9223
2023-03-18,1.4205
2023-03-19,0.194
2023-03-20,1.4415
2023-03-21,2.2943
2023-03-22,1.4141
2023-03-24,1.5181
2023-03-25,1.2941
2023-03-26,0.9967
2023-03-27,1.4692
2023-03-28,1.1782
2023-03-29,1.4327
2023-03-30,1.5644
2023-03-31,1.3829
2023-04-01,0.5794
2023-04-02,1.1397
2023-04-03,1.0195
2023-04-04,1.8528
2023-04-05,1.4896
2023-04-06,1.5206
2023-04-07,1.1942
2023-04-08,-2.0828
2023-04-09,0.5082
2023-04-10,0.7124
2023-04-11,1.3326
2023-04-12,1.4422
2023-04-13,2.0222
2023-04-14,1.3737
2023-04-15,1.2621
2023-04-16,1.709
2023-04-17,1.3359
2023-04-18,1.1077
2023-04-19,1.2637
2023-04-20,1.2157
2023-04-21,2.0086
2023-04-22,1.3475
2023-04-23,1.7945
2023-04-24,1.731
2023-04-25,1.6308
2023-04-26,1.2772
2023-04-27,0.7598
2023-04-28,0.7897
2023-04-29,1.0754
2023-04-30,0.8376
2023-05-01,1.1981
2023-05-02,1.4735
2023-05-03,1.431
2023-05-04,1.079
2023-05-05,0.9744
2023-05-06,0.9443
2023-05-07,1.3857
2023-05-08,1.6956
2023-05-09,1.4119
2023-05-10,1.2988
2023-05-11,0.7591
2023-05-12,1.4053
2023-05-13,1.5517
2023-05-14,1.7271
2023-05-15,1.4047
2023-05-16,2.0025
2023-05-17,2.0752
2023-05-18,2.0465
2023-05-19,1.417
2023-05-20,-1.5333
2023-05-21,1.5988
2023-05-22,0.2772
2023-05-23,1.0797
2023-05-24,2.1873
2023-05-25,1.4896
2023-05-26,1.4245
2023-05-27,1.853
2023-05-28,1.7424
2023-05-29,2.2415
2023-05-30,1.7181
2023-05-31,2.0024
2023-06-01,1.8622
2023-06-02,1.9658
2023-06-03,1.2836
2023-06-04,0.8705
2023-06-05,1.6534
2023-06-06,-2.1767
2023-06-07,1.029
2023-06-08,1.8783
2023-06-09,1.1022
2023-06-10,1.324
2023-06-11,0.7887
2023-06-12,1.7997
2023-06-13,1.8841
2023-06-14,0.264
2023-06-15,1.6929
2023-06-16,1.245
2023-06-17,1.2741
2023-06-18,2.5295
2023-06-19,1.8239
2023-06-20,1.5043
2023-06-21,1.6574
2023-06-22,0.8432
2023-06-23,0.8246
2023-06-24,1.2222
2023-06-25,1.3538
2023-06-26,1.6041
2023-06-27,1.6451
2023-06-28,1.4644
2023-06-29,1.3879
2023-06-30,1.4214
2023-07-01,1.2951
2023-07-02,1.1294
2023-07-03,1.6088
2023-07-04,2.1361
2023-07-05,0.6921
2023-07-06,0.814
2023-07-07,0.9648
2023-07-08,2.5628
2023-07-09,1.0536
2023-07-10,2.2919
2023-07-11,1.4998
2023-07-12,1.9734
2023-07-13,1.508
2023-07-14,1.2831
2023-07-15,1.3863
2023-07-16,1.2617
2023-07-17,1.4307
2023-07-18,1.5085
2023-07-19,1.3634
2023-07-20,1.6148
2023-07-21,1.3533
2023-07-22,2.2958
2023-07-23,0.5044
2023-07-24,1.0463
2023-07-25,1.6419
2023-07-26,-0.4929
2023-07-27,1.6048
2023-07-28,1.3407
2023-07-29,1.7794
2023-07-30,0.5299
2023-07-31,1.2913
2023-08-01,1.268
2023-08-02,1.4373
2023-08-03,1.6707
2023-08-04,1.3026
2023-08-05,1.1756
2023-08-06,1.1036
2023-08-07,1.2088
2023-08-08,2.2695
2023-08-09,1.539
2023-08-10,1.8763
2023-08-11,1.1656
2023-08-12,1.9453
2023-08-13,1.6003
2023-08-14,1.1543
2023-08-15,1.3081
2023-08-16,1.74
2023-08-17,1.6815
2023-08-18,1.1948
2023-08-19,-0.0011
2023-08-20,-1.3948
2023-08-21,1.3523
2023-08-22,1.2967
2023-08-23,1.3082
2023-08-24,1.128
2023-08-25,1.241
2023-08-26,1.727
2023-08-27,1.1606
2023-08-28,1.7427
2023-08-29,2.0142
2023-08-30,1.8529
2023-08-31,1.2805
2023-09-01,0.9505
2023-09-02,1.5104
2023-09-03,1.1234
2023-09-04,2.109
2023-09-05,2.2856
2023-09-06,1.3001
2023-09-07,1.7622
2023-09-08,0.9668
2023-09-09,1.6401
2023-09-10,0.7375
2023-09-11,1.8773
2023-09-12,1.7917
2023-09-13,1.2408
2023-09-14,1.8411
2023-09-15,0.3091
2023-09-16,0.2577
2023-09-17,1.0103
2023-09-18,1.5234
2023-09-19,1.3255
2023-09-20,1.9711
2023-09-21,1.9785
2023-09-22,1.5211
2023-09-23,0.4454
2023-09-24,1.853
2023-09-25,2.5111
2023-09-26,1.0829
2023-09-27,1.7412
2023-09-28,0.7218
2023-09-29,1.2957
2023-09-30,1.5605
2023-10-01,1.3359
2023-10-02,1.6231
2023-10-03,1.7687
2023-10-04,1.6372
2023-10-05,1.1081
2023-10-06,1.3571
2023-10-07,1.2087
2023-10-08,1.4106
2023-10-09,1.2206
2023-10-10,1.5569
2023-10-11,1.9858
2023-10-12,1.8145
2023-10-13,1.21
2023-10-14,0.5025
2023-10-15,0.36
2023-10-16,1.5128
2023-10-17,2.0818
2023-10-18,1.7764
2023-10-19,1.5398
2023-10-20,2.1586
2023-10-21,1.6992
2023-10-22,1.3317
2023-10-23,1.1497
2023-10-24,1.4257
2023-10-25,1.4336
2023-10-26,1.9978
2023-10-27,0.8141
2023-10-28,1.2764
2023-10-29,1.2918
2023-10-30,1.5756
2023-10-31,1.4983
2023-11-01,1.4519
2023-11-02,1.5986
2023-11-03,1.3847
2023-11-04,1.3581
2023-11-05,2.0034
2023-11-06,1.8966
2023-11-07,0.9611
2023-11-08,0.8828
2023-11-09,0.8588
2023-11-10,1.5458
2023-11-11,0.844
2023-11-12,1.3726
2023-11-13,1.5033
2023-11-14,2.0394
2023-11-15,1.8797
2023-11-16,1.3123
2023-11-17,1.1187
2023-11-18,0.7256
2023-11-19,1.46
2023-11-20,1.756
2023-11-21,1.0351
2023-11-22,0.9951
2023-11-23,2.1833
2023-11-24,1.7494
2023-11-25,0.1256
2023-11-26,1.1644
2023-11-27,1.6943
2023-11-28,2.0294
2023-11-29,1.9773
2023-11-30,1.5684
2023-12-01,1.473
2023-12-02,1.572
2023-12-03,1.1891
2023-12-04,1.7888
2023-12-05,1.5709
2023-12-06,1.8184
2023-12-07,2.0849
2023-12-08,1.8949
2023-12-09,1.4715
2023-12-10,2.1838
2023-12-11,1.7955
2023-12-12,1.8657
2023-12-13,1.6953
2023-12-14,2.0107
2023-12-15,1.7357
2023-12-16,1.9315
2023-12-17,1.5979
2023-12-18,1.5635
2023-12-19,2.5081
2023-12-20,2.0046
2023-12-21,1.4527
2023-12-22,1.2972
2023-12-23,1.1539
2023-12-24,2.1057
2023-12-25,2.3266
2023-12-26,1.4903
2023-12-27,1.922
2023-12-28,1.9694
2023-12-29,1.4661
2023-12-30,0.955
2023-12-31,1.591
2024-01-01,0.9733
2024-01-02,2.1748
2024-01-03,1.2844
2024-01-04,1.2458
2024-01-05,1.6406
2024-01-06,1.3906
2024-01-07,1.4423
2024-01-08,2.1254
2024-01-09,2.1623
2024-01-10,1.7559
2024-01-11,1.7808
2024-01-12,1.3102
2024-01-13,1.8539
2024-01-14,1.6095
2024-01-15,1.8016
2024-01-16,1.505
2024-01-17,1.9461
2024-01-18,1.6569
2024-01-19,1.7024
2024-01-20,1.9025
2024-01-21,1.1747
2024-01-22,0.9821
2024-01-23,1.3971
2024-01-24,1.5315
2024-01-25,0.2263
2024-01-26,0.5062
2024-01-27,1.3308
2024-01-28,2.1705
2024-01-29,1.419
2024-01-30,1.5162
2024-01-31,1.603
2024-02-01,1.2246
2024-02-02,1.0138
2024-02-03,1.7156
2024-02-04,1.2913
2024-02-05,1.0618
2024-02-06,1.122
2024-02-07,1.1386
2024-02-08,1.3548
2024-02-09,0.7703
2024-02-10,0.6614
2024-02-11,0.0127
2024-02-12,1.3764
2024-02-13,1.4848
2024-02-14,1.7249
2024-02-15,1.2772
2024-02-16,1.2002
2024-02-17,0.7783
2024-02-18,1.7543
2024-02-19,0.8662
2024-02-20,1.1942
2024-02-21,1.7191
2024-02-22,1.4515
2024-02-23,0.8547
2024-02-24,1.4735
2024-02-25,1.6411
2024-02-26,2.2998
2024-02-27,1.7824
2024-02-28,1.804
2024-02-29,1.5178
2024-03-01,1.8655
2024-03-02,0.9628
2024-03-03,-1.6152
2024-03-04,1.7822
2024-03-05,0.4396
2024-03-06,-0.009
2024-03-07,-0.6545
2024-03-08,1.1688
2024-03-09,1.1637
2024-03-10,1.0719
2024-03-11,1.3144
2024-03-12,1.6664
2024-03-13,1.1194
2024-03-14,1.8243
2024-03-15,1.2598
2024-03-16,1.4605
2024-03-17,1.0615
2024-03-18,1.7262
2024-03-19,2.3453
2024-03-20,1.4815
2024-03-21,1.8615
2024-03-22,1.2854
2024-03-23,1.6791
2024-03-24,1.4962
2024-03-25,1.5028
2024-03-26,1.2816
2024-03-27,1.1353
2024-03-28,0.6909
2024-03-29,0.6352
2024-03-30,0.1252
2024-03-31,0.8687
2024-04-01,0.1977
2024-04-02,0.4016
2024-04-03,1.5058
2024-04-04,1.7149
2024-04-05,0.9643
2024-04-06,1.38
2024-04-07,1.5386
2024-04-08,1.1956
2024-04-09,1.6683
2024-04-10,1.1772
2024-04-11,1.2978
2024-04-12,0.9515
2024-04-13,1.1874
2024-04-14,2.105
2024-04-15,0.7962
2024-04-16,1.0063
2024-04-17,1.2285
2024-04-18,1.2464
2024-04-19,1.6242
2024-04-20,1.3226
2024-04-21,1.5491
2024-04-22,1.2785
2024-04-23,1.5987
2024-04-24,1.4158
2024-04-25,1.4775
2024-04-26,1.1582
2024-04-27,1.4105
2024-04-28,1.2026
2024-04-29,1.5209
2024-04-30,0.9509
2024-05-01,1.2927
2024-05-02,1.622
2024-05-03,0.7226
2024-05-04,1.2187
2024-05-05,1.3723
2024-05-06,1.3256
2024-05-07,1.4345
2024-05-08,0.6019
2024-05-09,0.7518
2024-05-10,0.6112
2024-05-11,1.2795
2024-05-12,1.3066
2024-05-13,1.5196
2024-05-14,1.2182
2024-05-15,1.7005
2024-05-16,1.4633
2024-05-17,1.7296
2024-05-18,0.9029
2024-05-19,1.0829
2024-05-20,1.4705
2024-05-21,1.7731
2024-05-22,1.467
2024-05-23,1.4366
2024-05-24,1.6862
2024-05-25,1.226
2024-05-26,1.6133
2024-05-27,1.7512
2024-05-28,1.6767
2024-05-29,1.6732
2024-05-30,1.3854
2024-05-31,1.5362
2024-06-01,1.2629
2024-06-02,1.655
2024-06-03,1.2359
2024-06-04,2.0875
2024-06-05,2.0017
2024-06-06,1.4843
2024-06-07,1.8137
2024-06-08,2.1555
2024-06-09,1.0758
2024-06-10,1.1579
2024-06-11,1.972
2024-06-12,1.5355
2024-06-13,1.738
2024-06-14,1.1197
2024-06-15,1.3725
2024-06-16,1.9288
2024-06-17,1.8679
2024-06-18,1.732
2024-06-19,1.473
2024-06-20,1.5633
2024-06-21,1.4802
2024-06-22,1.1833
2024-06-23,1.4367
2024-06-24,1.2637
2024-06-25,1.1567
2024-06-26,1.6969
2024-06-27,1.5748
2024-06-28,1.4607
2024-06-29,1.6274
2024-06-30,1.3239
2024-07-01,0.9336
2024-07-02,1.3204
2024-07-03,1.0854
2024-07-04,1.5896
2024-07-05,1.3217
2024-07-06,1.2854
2024-07-07,1.6262
2024-07-08,1.3238
2024-07-09,1.1274
2024-07-10,1.0031
2024-07-11,1.5408
2024-07-12,0.5526
2024-07-13,1.4892
2024-07-14,1.7231
2024-07-15,1.2821
2024-07-16,2.0164
2024-07-17,1.3968
2024-07-18,1.456
2024-07-19,-0.7365
2024-07-20,0.2175
2024-07-21,0.8292
2024-07-22,2.1834
2024-07-23,1.4985
2024-07-24,0.8427
2024-07-25,1.1455
2024-07-26,1.6334
2024-07-27,0.9281
2024-07-28,1.0702
2024-07-29,1.3073
2024-07-30,0.5967
2024-07-31,0.6929
2024-08-01,1.2747
2024-08-02,0.864
2024-08-03,0.8208
2024-08-04,1.2778
2024-08-05,1.2525
2024-08-06,1.2571
2024-08-07,1.5362
2024-08-08,1.8211
2024-08-09,1.3543
2024-08-10,1.3402
2024-08-11,1.547
2024-08-12,1.71
2024-08-13,1.8669
2024-08-14,0.8695
2024-08-15,1.5374
2024-08-16,1.1925
2024-08-17,1.3702
2024-08-18,1.4692
2024-08-19,1.6189
2024-08-20,1.4094
2024-08-21,1.4495
2024-08-22,1.3479
2024-08-23,1.3046
2024-08-24,1.2976
2024-08-25,1.1784
2024-08-26,1.7382
2024-08-27,1.6232
2024-08-28,1.0681
2024-08-29,1.2612
2024-08-30,1.4868
2024-08-31,1.6046
2024-09-01,1.8694
2024-09-02,1.6579
2024-09-03,1.5499
2024-09-04,1.2338
2024-09-05,1.5178
2024-09-06,1.4227
2024-09-07,1.1243
2024-09-08,1.7668
2024-09-09,2.1181
2024-09-10,1.8498
2024-09-11,1.3509
2024-09-12,1.4152
2024-09-13,1.3621
2024-09-14,1.5012
2024-09-15,1.7683
2024-09-16,1.3824
2024-09-17,1.1509
2024-09-18,1.3854
2024-09-19,1.38
2024-09-20,0.6283
2024-09-21,0.7404
2024-09-22,0.9795
2024-09-23,1.7073
2024-09-24,1.4111
2024-09-25,1.0417
2024-09-26,1.6542
2024-09-27,1.3981
2024-09-28,1.6689
2024-09-29,1.1237
2024-09-30,1.3978
2024-10-01,1.9014
2024-10-02,1.2649
2024-10-03,1.3628
2024-10-04,1.6581
2024-10-05,1.3992
2024-10-06,0.9908
2024-10-07,1.37
2024-10-08,1.3842
2024-10-09,1.7264
2024-10-10,1.5971
2024-10-11,1.8638
2024-10-12,2.1114
2024-10-13,1.5752
2024-10-14,1.6194
2024-10-15,1.4801
2024-10-16,1.7611
2024-10-17,1.3227
2024-10-18,1.4738
2024-10-19,1.3648
2024-10-20,1.3618
2024-10-21,2.1194
2024-10-22,1.5828
2024-10-23,0.9725
2024-10-24,1.2959
2024-10-25,1.2927
2024-10-26,0.9615
2024-10-27,0.8303
2024-10-28,1.923
2024-10-29,1.089
2024-10-30,1.8366
2024-10-31,1.3518
2024-11-01,1.6312
2024-11-02,0.7988
2024-11-03,1.4003
2024-11-04,1.0589
2024-11-05,1.3735
2024-11-06,1.7288
2024-11-07,1.5682
2024-11-08,1.3494
2024-11-09,1.2061
2024-11-10,1.3123
2024-11-11,1.9154
2024-11-12,1.7875
2024-11-13,1.6131
2024-11-14,1.009
2024-11-15,1.4481
2024-11-16,1.7411
2024-11-17,0.5703
2024-11-18,1.7901
2024-11-19,1.8757
2024-11-20,1.6485
2024-11-21,1.4228
2024-11-22,1.7155
2024-11-23,1.2745
2024-11-24,1.4944
2024-11-25,0.8764
2024-11-26,1.5099
2024-11-27,1.5577
2024-11-28,1.9286
2024-11-29,0.8796
2024-11-30,1.4267
2024-12-01,1.3549
2024-12-02,1.253
2024-12-03,1.7861
2024-12-04,1.7257
2024-12-05,1.3634
2024-12-06,1.2466
2024-12-07,1.1357
2024-12-08,1.4775
2024-12-09,0.9111
2024-12-10,0.8981
2024-12-11,1.4029
2024-12-12,1.6123
2024-12-13,1.3206
2024-12-14,0.9619
2024-12-15,1.7608
2024-12-16,1.3694
2024-12-17,1.3128
2024-12-18,1.5427
2024-12-19,0.7922
2024-12-20,0.9501
2024-12-21,1.1776
2024-12-22,-0.0969
2024-12-23,1.5194
2024-12-24,1.1464
2024-12-25,0.9644
2024-12-26,1.1719
2024-12-27,0.9452
2024-12-28,0.6999
2024-12-29,0.8596
2024-12-30,0.7486
2024-12-31,0.7332
2025-01-01,0.8609
2025-01-02,0.9026
2025-01-03,1.4569
2025-01-04,1.4733
2025-01-05,1.417
2025-01-06,1.1376
2025-01-07,0.7601
2025-01-08,1.1581
2025-01-09,1.467
2025-01-10,1.5849
2025-01-11,1.4636
2025-01-12,0.5894
2025-01-13,1.0662
2025-01-14,1.4508
2025-01-15,0.2696
2025-01-16,1.0095
2025-01-17,1.2415
2025-01-18,1.0896
2025-01-19,1.8529
2025-01-20,-0.2174
2025-01-21,0.9093
2025-01-22,1.0887
2025-01-23,0.6785
2025-01-24,0.6872
2025-01-25,0.7604
2025-01-26,1.2926
2025-01-27,0.6341
2025-01-28,0.7692
2025-01-29,1.1157
2025-01-30,1.3017
2025-01-31,1.0468
2025-02-01,0.6576
2025-02-02,1.6123
2025-02-03,0.8081
2025-02-04,1.0338
2025-02-05,0.9334
2025-02-06,1.1155
2025-02-07,1.4552
2025-02-08,1.6511
2025-02-09,0.8303
2025-02-10,0.9256
2025-02-11,1.313
2025-02-12,1.3299
2025-02-13,1.4588
2025-02-14,0.5163
2025-02-15,1.2518
2025-02-16,1.0245
2025-02-17,0.9668
2025-02-18,0.9079
2025-02-19,1.439
2025-02-20,1.7332
2025-02-21,1.5948
2025-02-22,2.1825
2025-02-23,1.2807
2025-02-24,1.6213
2025-02-25,1.1589
2025-02-26,0.583
2025-02-27,0.666
2025-02-28,0.8662
2025-03-01,1.2875
2025-03-02,1.1425
2025-03-03,0.9878
2025-03-04,1.5194
2025-03-05,1.3339
2025-03-06,1.4319
2025-03-07,1.1899
2025-03-08,1.1308
2025-03-09,0.4098
2025-03-10,1.5762
2025-03-11,2.1326
2025-03-12,1.0489
2025-03-13,0.6061
2025-03-14,1.4872
2025-03-15,1.1989
2025-03-16,0.794
2025-03-17,2.1723
2025-03-18,1.6267
2025-03-19,1.8725
2025-03-20,1.399
2025-03-21,0.7297
2025-03-22,1.1747
2025-03-23,1.4586
2025-03-24,1.6266
2025-03-25,1.1483
2025-03-26,0.8502
2025-03-27,0.4251
2025-03-28,0.4446
2025-03-29,1.2777
2025-03-30,1.4126
2025-03-31,1.2853
2025-04-01,1.7912
2025-04-02,1.205
2025-04-03,0.8917
2025-04-04,0.8452
2025-04-05,1.4985
2025-04-06,1.3418
2025-04-07,1.3936
2025-04-08,0.8289
2025-04-09,0.273
2025-04-10,0.8361
2025-04-11,0.6411
2025-04-12,0.4827
2025-04-13,0.0369
2025-04-14,0.4792
2025-04-15,0.9312
2025-04-16,0.3044
2025-04-17,0.4288
2025-04-18,0.3475
2025-04-19,0.4349
2025-04-20,0.8311
2025-04-21,0.3157
2025-04-22,1.2012
2025-04-23,0.8085
2025-04-24,0.9898
2025-04-25,0.4486
2025-04-26,0.0888
2025-04-27,0.2673
2025-04-28,1.0503
2025-04-29,1.0613
2025-04-30,0.5938
2025-05-01,0.0726
2025-05-02,0.4934
2025-05-03,1.2536
2025-05-04,1.6655
2025-05-05,1.0774
2025-05-06,1.425
2025-05-07,1.0612
2025-05-08,1.3702
2025-05-09,1.2025
2025-05-10,0.8605
2025-05-11,1.3821
2025-05-12,1.1824
2025-05-13,1.1857
2025-05-14,1.074
2025-05-15,0.9007
2025-05-16,1.3202
2025-05-17,-0.3631
2025-05-18,0.724
2025-05-19,1.396
2025-05-20,1.6644
2025-05-21,1.3106
2025-05-22,1.3367
2025-05-23,0.7594
2025-05-24,-0.2295
2025-05-25,0.8467
2025-05-26,0.3567
2025-05-27,0.8818
2025-05-28,0.9139
2025-05-29,1.0342
2025-05-30,1.0054
2025-05-31,0.8037
2025-06-01,0.7585
2025-06-02,0.9752
2025-06-03,1.4109
2025-06-04,0.6529
2025-06-05,1.3732
2025-06-06,1.0614
2025-06-07,1.0725
2025-06-08,0.9668
2025-06-09,1.0694
2025-06-10,1.2211
2025-06-11,0.6764
2025-06-12,1.5471
2025-06-13,1.4193
2025-06-14,1.1975
2025-07-02,1.3146
2025-07-03,1.1248
2025-07-04,1.6287
2025-07-05,1.0185
2025-07-06,1.3191
2025-07-07,1.3673
2025-07-08,1.4316
2025-07-09,1.0837
2025-07-10,1.0437
2025-07-11,0.672
2025-07-12,1.007
2025-07-13,0.4573
2025-07-14,0.7706
2025-07-15,1.4178
2025-07-16,1.3329
2025-07-17,0.3567
2025-07-18,0.7265
2025-07-19,0.7182
2025-07-20,-0.4629
2025-07-21,0.7721
2025-07-22,0.6691
2025-07-23,0.6275
2025-07-24,0.6833
2025-07-25,0.6905
2025-07-26,0.9953
2025-07-27,1.0521
2025-07-28,1.42
2025-07-29,1.2981
2025-07-30,1.3252
2025-07-31,1.1405
2025-08-01,1.2915
2025-08-02,0.7666
2025-08-03,0.4163
2025-08-04,1.2334
2025-08-05,1.2441
2025-08-06,1.0125
2025-08-07,1.0817
2025-08-08,1.1056
2025-08-09,0.1431
2025-08-10,0.8207
2025-08-11,1.1138
2025-08-12,1.2349
2025-08-13,1.265
2025-08-14,1.349
2025-08-15,0.7651
2025-08-16,-0.1743
2025-08-17,0.9912
2025-08-18,1.2238
2025-08-19,1.1532
2025-08-20,1.0978
2025-08-21,0.1603
2025-08-22,0.4043
2025-08-23,0.7533
2025-08-24,0.8104
2025-08-25,1.3228
2025-08-26,1.4735
2025-08-27,1.1004
2025-08-28,0.6463
2025-08-29,-0.6059
2025-08-30,0.9368
2025-08-31,-0.1
2025-09-01,1.3268
2025-09-02,1.3988
2025-09-03,1.2218
2025-09-04,1.363
2025-09-05,0.612
2025-09-06,0.1371
2025-09-07,0.6397
2025-09-08,1.217
2025-09-09,1.0365
2025-09-10,1.3116
2025-09-11,1.0737
2025-09-12,1.3041
2025-09-13,0.5172
2025-09-14,2.3371
2025-09-15,0.7549
2025-09-16,1.3346
2025-09-17,1.109
2025-09-18,0.4907
2025-09-19,0.8681
2025-09-20,0.9879
2025-09-21,1.2332
2025-09-22,0.9497
2025-09-23,0.8778
2025-09-24,0.8233
2025-09-25,1.0294
2025-09-26,0.2835
2025-09-27,-0.0437
2025-09-28,-0.3177
2025-09-29,0.8413
2025-09-30,1.073
2025-10-01,0.9597
2025-10-02,1.016
2025-10-03,0.4582
2025-10-04,0.3861
2025-10-05,0.7579
2025-10-06,1.2973
2025-10-07,0.5843
2025-10-08,0.8665
2025-10-09,0.7434
2025-10-10,0.7079
2025-10-11,0.9962
2025-10-12,1.2325
2025-10-13,1.7786
2025-10-14,0.899
2025-10-15,0.8726
2025-10-16,1.1591
2025-10-17,0.3896
2025-10-18,0.894
2025-10-19,0.3536
2025-10-20,-0.8239
2025-10-21,-0.2597
2025-10-22,0.9462
2025-10-23,1.0007
2025-10-24,0.1245
2025-10-25,0.7523
2025-10-26,0.5441
2025-10-27,1.2695
2025-10-28,1.0537
2025-10-29,0.6328
2025-10-30,0.7756
2025-10-31,1.1726
2025-11-01,0.8722
2025-11-02,1.151
2025-11-03,1.586
2025-11-04,1.2339
2025-11-05,1.3841
2025-11-06,0.9639
2025-11-07,0.6208
2025-11-08,0.6326
2025-11-09,0.629
2025-11-10,0.8601
2025-11-11,0.7111
2025-11-12,0.978
2025-11-13,1.1306
2025-11-14,0.8927
2025-11-15,1.0823
2025-11-16,0.8654
2025-11-17,0.658
2025-11-18,0.7274
2025-11-19,0.4923
2025-11-20,1.2432
2025-11-21,0.9258
2025-11-22,0.3969
2025-11-23,0.5018
2025-11-24,1.0534
2025-11-25,0.6843
2025-11-26,0.824
2025-11-27,1.1886
2025-11-28,0.2126
2025-11-29,0.1438
2025-11-30,-0.3385
2025-12-01,0.2677
2025-12-02,0.7199
2025-12-03,0.9697
2025-12-04,0.7218
2025-12-05,0.6002
2025-12-06,1.1419
2025-12-07,-0.6383
2025-12-08,0.7128
2025-12-09,0.8065
2025-12-10,0.9757
2025-12-11,0.6453
2025-12-12,0.496
2025-12-13,0.1684
2025-12-14,0.902
2025-12-15,0.1714
2025-12-16,-0.1485
2025-12-17,0.3857
2025-12-18,0.2479
2025-12-19,0.5431
2025-12-20,0.3714
2025-12-21,0.6353
2025-12-22,0.4591
2025-12-23,0.4397
2025-12-24,0.0928
2025-12-25,0.74
2025-12-26,-0.7654
2025-12-27,-0.0782
2025-12-28,0.2473
2025-12-29,0.6033
2025-12-30,0.3416
2025-12-31,0.2126
2026-01-01,0.3745
2026-01-02,0.3863
2026-01-03,-0.3107
2026-01-04,0.3363
2026-01-05,0.8151
2026-01-06,0.8164
2026-01-07,0.8949
2026-01-08,0.81
2026-01-09,0.4478
2026-01-10,0.2783
2026-01-11,1.0413
2026-01-12,0.5683
2026-01-13,0.7852
2026-01-14,0.3961
2026-01-15,0.5133
2026-01-16,0.2458
2026-01-17,1.609
2026-01-18,1.665
2026-01-19,0.9571
2026-01-20,0.6549
2026-01-21,0.4029
2026-01-22,0.2182
2026-01-23,0.3105
2026-01-24,0.6059
2026-01-25,-0.2114
2026-01-26,0.4586
2026-01-27,-0.1337
2026-01-28,0.2595
2026-01-29,0.5086
2026-01-30,0.0416
2026-01-31,0.3699
2026-02-01,0.7658
2026-02-02,0.2556
2026-02-03,0.5944
2026-02-04,0.7338
2026-02-05,0.107
2026-02-06,0.3727
2026-02-07,0.567
2026-02-08,0.404
2026-02-09,0.8256
2026-02-10,0.6008
2026-02-11,0.5017
2026-02-12,0.8563
2026-02-13,0.5693
2026-02-14,-0.0469
2026-02-15,-0.1212
2026-02-16,0.684
2026-02-17,0.0868
2026-02-18,0.4897
2026-02-19,0.4728
2026-02-20,0.3372
2026-02-21,0.2499
2026-02-22,1.0431
2026-02-23,0.5374
2026-02-24,1.0937
2026-02-25,0.1535
2026-02-26,0.5098
2026-02-27,0.4657
2026-02-28,0.3292
2026-03-01,0.5064
2026-03-02,0.9198
2026-03-03,-1.4458
2026-03-04,-0.5665
2026-03-05,-0.3303
2026-03-06,-0.0325
2026-03-07,-0.4819
2026-03-08,-0.4267
2026-03-09,0.2247
2026-03-10,0.2034
2026-03-11,0.2212
2026-03-12,-0.0912
2026-03-13,0.2364
2026-03-14,0.2565
2026-03-15,0.6972
2026-03-16,0.9315
2026-03-17,0.999
2026-03-18,1.043
2026-03-19,0.6209
2026-03-20,0.2418
2026-03-21,0.1473
2026-03-22,0.4307
2026-03-23,0.3401
2026-03-24,0.2982
2026-03-25,0.025
2026-03-26,0.2457
2026-03-27,-0.1718
2026-03-28,0.1964
2026-03-29,-0.2806
2026-03-30,0.6212
2026-03-31,0.443
2026-04-01,0.1513
2026-04-02,0.3527
2026-04-03,-0.4248
2026-04-04,-0.0476
2026-04-05,-0.1306
2026-04-06,-0.0133
2026-04-07,-0.0711
2026-04-08,0.1707
2026-04-09,-0.1318
2026-04-10,0.47
2026-04-11,0.4227
2026-04-12,0.3303
2026-04-13,0.0268
2026-04-14,0.0091
2026-04-15,-0.1183
2026-04-16,0.2012
2026-04-17,0.2369
2026-04-18,0.5068
2026-04-19,0.4283
2026-04-20,0.6112
2026-04-21,0.67
2026-04-22,0.3007
2026-04-23,0.1853
2026-04-24,0.4255
2026-04-25,0.2173
2026-04-26,-0.1672
2026-04-27,0.6657
2026-04-28,0.2802
2026-04-29,0.1687
2026-04-30,0.3773
2026-05-01,0.3739
2026-05-02,-0.3369
2026-05-03,0.5126
2026-05-04,-0.2443
2026-05-05,0.4315
2026-05-06,0.5814
2026-05-07,0.6318
2026-05-08,0.258
2026-05-09,0.501
2026-05-10,0.4782
2026-05-11,0.5814
2026-05-12,0.57
2026-05-13,0.6798
2026-05-14,0.3322
2026-05-15,0.3513
2026-05-16,0.2574
2026-05-17,0.0427
2026-05-18,-0.6881
2026-05-19,0.1627
2026-05-20,0.2033
2026-05-21,0.2195
2026-05-22,0.3744
2026-05-23,-0.0575
2026-05-24,-0.1803
2026-05-25,0.4259
2026-05-26,0.0688
2026-05-27,0.2456
2026-05-28,0.3547
2026-05-29,0.5672
2026-05-30,0.1735
2026-05-31,-0.1425
2026-06-01,0.5254
2026-06-02,0.4663
2026-06-03,-0.1674
2026-06-04,0.2098
2026-06-05,-0.182
2026-06-06,0.0797
2026-06-07,0.2968
2026-06-08,0.6108
2026-06-09,0.1133
2026-06-10,0.0986
2026-06-11,-0.0649
2026-06-12,0.5511
2026-06-13,0.8002
2026-06-14,0.1106
2026-06-15,0.8887
2026-06-16,0.2556
2026-06-17,0.0651
2026-06-18,0.2459
2026-06-19,-0.1215
2026-06-20,0.3489
2026-06-21,-0.1909
2026-06-22,0.2059
2026-06-23,-0.2292
2026-06-24,0.2525
2026-06-25,0.2769
2026-06-26,0.036
2026-06-27,-0.1224
2026-06-28,0.5785
2026-06-29,0.3258
2026-06-30,0.1359
